user_id,pages_viewed,paid_clicks,organic_clicks,revenue,device,ctr_paid,ctr_organic,group
1,61,15,10,35.06,mobile,0.2459016393442623,0.16393442622950818,control
2,213,57,114,179.21,mobile,0.2676056338028169,0.5352112676056338,control
5,23,3,13,13.75,desktop,0.13043478260869565,0.5652173913043478,control
8,356,30,182,271.25,mobile,0.08426966292134831,0.5112359550561798,control
9,226,25,45,418.44,mobile,0.11061946902654868,0.19911504424778761,control
10,97,37,26,67.37,desktop,0.38144329896907214,0.26804123711340205,control
12,96,25,13,73.38,mobile,0.2604166666666667,0.13541666666666666,control
13,31,3,4,28.38,mobile,0.0967741935483871,0.12903225806451613,control
14,139,19,39,33.45,desktop,0.1366906474820144,0.2805755395683453,control
16,203,49,54,392.0,mobile,0.2413793103448276,0.2660098522167488,control
17,135,59,91,161.07,mobile,0.43703703703703706,0.674074074074074,control
25,226,98,55,153.44,mobile,0.4336283185840708,0.24336283185840707,control
26,38,44,18,44.54,desktop,1.1578947368421053,0.47368421052631576,control
27,34,3,10,32.89,mobile,0.08823529411764706,0.29411764705882354,control
28,38,3,10,28.310000000000002,mobile,0.07894736842105263,0.2631578947368421,control
30,91,27,32,71.02,mobile,0.2967032967032967,0.3516483516483517,control
31,71,12,45,43.41,desktop,0.16901408450704225,0.6338028169014085,control
32,24,4,14,8.940000000000001,desktop,0.16666666666666666,0.5833333333333334,control
33,115,49,31,133.05,mobile,0.4260869565217391,0.26956521739130435,control
34,294,23,82,339.53,mobile,0.0782312925170068,0.2789115646258503,control
35,104,6,12,38.57,mobile,0.057692307692307696,0.11538461538461539,control
36,424,79,111,256.39,mobile,0.18632075471698112,0.2617924528301887,control
41,272,26,73,242.03,mobile,0.09558823529411764,0.26838235294117646,control
42,24,8,4,11.370000000000001,desktop,0.3333333333333333,0.16666666666666666,control
43,274,51,87,292.52,mobile,0.18613138686131386,0.3175182481751825,control
45,91,29,45,98.23,mobile,0.31868131868131866,0.4945054945054945,control
46,29,10,10,25.36,mobile,0.3448275862068966,0.3448275862068966,control
50,204,48,45,176.74,mobile,0.23529411764705882,0.22058823529411764,control
54,266,105,98,208.78,mobile,0.39473684210526316,0.3684210526315789,control
55,205,41,25,201.3,mobile,0.2,0.12195121951219512,control
56,32,17,18,28.03,desktop,0.53125,0.5625,control
65,111,22,50,342.71999999999997,mobile,0.1981981981981982,0.45045045045045046,control
67,119,6,19,178.51,mobile,0.05042016806722689,0.15966386554621848,control
68,76,24,15,38.13,desktop,0.3157894736842105,0.19736842105263158,control
70,250,18,49,355.52,mobile,0.072,0.196,control
74,197,26,71,127.9,mobile,0.1319796954314721,0.3604060913705584,control
77,189,19,23,54.56,desktop,0.10052910052910052,0.12169312169312169,control
78,17,8,17,22.46,mobile,0.47058823529411764,1.0,control
80,37,12,6,21.159999999999997,mobile,0.32432432432432434,0.16216216216216217,control
83,35,11,4,17.12,desktop,0.3142857142857143,0.11428571428571428,control
86,14,5,14,11.0,mobile,0.35714285714285715,1.0,control
87,166,51,83,170.1,mobile,0.3072289156626506,0.5,control
88,377,99,123,698.17,mobile,0.2625994694960212,0.32625994694960214,control
89,50,7,10,22.86,mobile,0.14,0.2,control
92,95,16,65,76.49,mobile,0.16842105263157894,0.6842105263157895,control
96,190,55,39,298.21999999999997,mobile,0.2894736842105263,0.20526315789473684,control
97,130,13,75,103.89,mobile,0.1,0.5769230769230769,control
98,62,5,34,20.97,desktop,0.08064516129032258,0.5483870967741935,control
99,150,18,64,56.08,desktop,0.12,0.4266666666666667,control
102,60,18,15,41.98,mobile,0.3,0.25,control
103,205,24,103,145.1,mobile,0.11707317073170732,0.5024390243902439,control
104,398,127,135,355.63,mobile,0.31909547738693467,0.3391959798994975,control
109,52,2,2,21.1,desktop,0.038461538461538464,0.038461538461538464,control
110,177,61,88,121.43,mobile,0.3446327683615819,0.4971751412429379,control
111,15,5,2,70.35,desktop,0.3333333333333333,0.13333333333333333,control
112,451,69,50,637.77,mobile,0.15299334811529933,0.11086474501108648,control
114,100,18,63,118.13,mobile,0.18,0.63,control
118,125,36,7,71.82,mobile,0.288,0.056,control
121,309,80,108,467.56,mobile,0.2588996763754045,0.34951456310679613,control
122,97,10,48,269.04999999999995,mobile,0.10309278350515463,0.4948453608247423,control
126,119,74,70,141.96,mobile,0.6218487394957983,0.5882352941176471,control
130,122,21,55,142.65,mobile,0.1721311475409836,0.45081967213114754,control
132,19,9,3,10.649999999999999,desktop,0.47368421052631576,0.15789473684210525,control
136,428,50,207,253.96,mobile,0.11682242990654206,0.48364485981308414,control
137,323,13,116,507.23,mobile,0.04024767801857585,0.3591331269349845,control
138,38,12,15,24.46,mobile,0.3157894736842105,0.39473684210526316,control
139,271,41,48,388.7,mobile,0.15129151291512916,0.17712177121771217,control
141,205,27,111,463.54,mobile,0.13170731707317074,0.5414634146341464,control
142,178,31,61,386.49,mobile,0.17415730337078653,0.34269662921348315,control
145,49,21,26,36.23,desktop,0.42857142857142855,0.5306122448979592,control
148,24,1,2,10.35,desktop,0.041666666666666664,0.08333333333333333,control
151,56,13,15,37.63,mobile,0.23214285714285715,0.26785714285714285,control
153,122,43,37,146.84,mobile,0.3524590163934426,0.30327868852459017,control
154,304,28,67,422.33,mobile,0.09210526315789473,0.22039473684210525,control
156,180,49,138,175.13,mobile,0.2722222222222222,0.7666666666666667,control
160,256,111,102,207.87,mobile,0.43359375,0.3984375,control
161,95,13,30,72.15,mobile,0.1368421052631579,0.3157894736842105,control
164,74,18,33,57.97,desktop,0.24324324324324326,0.44594594594594594,control
167,55,8,30,23.490000000000002,desktop,0.14545454545454545,0.5454545454545454,control
172,216,38,30,249.40999999999997,mobile,0.17592592592592593,0.1388888888888889,control
177,271,72,79,537.76,mobile,0.2656826568265683,0.2915129151291513,control
178,283,72,123,164.95,mobile,0.254416961130742,0.43462897526501765,control
179,141,30,32,85.27,desktop,0.2127659574468085,0.22695035460992907,control
180,209,76,74,181.17,mobile,0.36363636363636365,0.35406698564593303,control
181,79,9,25,67.03,desktop,0.11392405063291139,0.31645569620253167,control
183,13,3,2,9.79,mobile,0.23076923076923078,0.15384615384615385,control
184,58,15,19,67.74,mobile,0.25862068965517243,0.3275862068965517,control
186,277,33,63,154.53,mobile,0.11913357400722022,0.22743682310469315,control
188,335,47,80,193.17000000000002,mobile,0.14029850746268657,0.23880597014925373,control
192,89,21,20,237.1,mobile,0.23595505617977527,0.2247191011235955,control
194,358,24,93,520.5600000000001,mobile,0.0670391061452514,0.25977653631284914,control
196,151,60,39,105.49,mobile,0.3973509933774834,0.2582781456953642,control
198,154,40,20,86.85,mobile,0.2597402597402597,0.12987012987012986,control
200,330,128,130,204.83,mobile,0.3878787878787879,0.3939393939393939,control
201,78,23,20,39.89,desktop,0.2948717948717949,0.2564102564102564,control
203,369,4,64,399.28999999999996,mobile,0.01084010840108401,0.17344173441734417,control
208,66,7,20,32.72,desktop,0.10606060606060606,0.30303030303030304,control
211,303,62,99,349.18,mobile,0.20462046204620463,0.32673267326732675,control
214,36,13,8,32.44,mobile,0.3611111111111111,0.2222222222222222,control
216,29,14,9,28.9,mobile,0.4827586206896552,0.3103448275862069,control
217,191,26,67,178.74,mobile,0.13612565445026178,0.3507853403141361,control
218,22,10,11,26.65,mobile,0.45454545454545453,0.5,control
219,154,59,45,114.27,mobile,0.38311688311688313,0.2922077922077922,control
221,477,97,63,212.0,mobile,0.20335429769392033,0.1320754716981132,control
222,110,15,40,42.15,desktop,0.13636363636363635,0.36363636363636365,control
224,180,39,70,170.15,mobile,0.21666666666666667,0.3888888888888889,control
227,99,29,21,64.71000000000001,mobile,0.29292929292929293,0.21212121212121213,control
228,315,87,95,438.39,mobile,0.2761904761904762,0.30158730158730157,control
230,253,29,77,257.36,mobile,0.11462450592885376,0.30434782608695654,control
231,29,5,5,23.17,mobile,0.1724137931034483,0.1724137931034483,control
232,120,25,45,64.58,mobile,0.20833333333333334,0.375,control
233,211,75,105,392.44,mobile,0.35545023696682465,0.4976303317535545,control
234,25,4,11,22.1,desktop,0.16,0.44,control
237,42,29,17,56.28,desktop,0.6904761904761905,0.40476190476190477,control
238,254,75,59,190.76999999999998,mobile,0.2952755905511811,0.23228346456692914,control
242,205,78,51,100.56,mobile,0.3804878048780488,0.24878048780487805,control
243,105,13,61,119.16,mobile,0.12380952380952381,0.580952380952381,control
245,83,23,24,75.4,mobile,0.27710843373493976,0.2891566265060241,control
246,213,47,47,196.41,mobile,0.22065727699530516,0.22065727699530516,control
247,226,51,100,266.67,mobile,0.22566371681415928,0.4424778761061947,control
249,282,66,113,421.09,mobile,0.23404255319148937,0.40070921985815605,control
252,124,47,76,143.72,mobile,0.3790322580645161,0.6129032258064516,control
253,315,28,76,203.05,mobile,0.08888888888888889,0.24126984126984127,control
255,204,59,59,180.81,mobile,0.28921568627450983,0.28921568627450983,control
256,214,40,101,266.55,mobile,0.18691588785046728,0.4719626168224299,control
260,449,70,68,417.34,mobile,0.155902004454343,0.1514476614699332,control
261,120,38,32,104.77,mobile,0.31666666666666665,0.26666666666666666,control
263,150,33,52,104.36,mobile,0.22,0.3466666666666667,control
265,159,41,29,138.68,mobile,0.2578616352201258,0.18238993710691823,control
266,324,9,63,120.76,mobile,0.027777777777777776,0.19444444444444445,control
267,36,22,6,26.78,mobile,0.6111111111111112,0.16666666666666666,control
268,200,76,75,231.69,mobile,0.38,0.375,control
269,72,30,24,213.86,mobile,0.4166666666666667,0.3333333333333333,control
270,226,61,47,156.26999999999998,mobile,0.26991150442477874,0.2079646017699115,control
272,147,31,89,128.29,mobile,0.2108843537414966,0.6054421768707483,control
273,245,36,131,161.23000000000002,mobile,0.1469387755102041,0.5346938775510204,control
274,338,96,165,476.68000000000006,mobile,0.28402366863905326,0.4881656804733728,control
275,134,17,54,92.48,mobile,0.12686567164179105,0.40298507462686567,control
277,169,36,66,126.7,mobile,0.21301775147928995,0.3905325443786982,control
279,125,39,68,202.23,mobile,0.312,0.544,control
281,213,86,34,387.14,mobile,0.40375586854460094,0.1596244131455399,control
283,61,9,24,44.71,desktop,0.14754098360655737,0.39344262295081966,control
284,81,44,30,62.03,mobile,0.5432098765432098,0.37037037037037035,control
286,119,19,39,94.1,mobile,0.15966386554621848,0.3277310924369748,control
293,424,76,80,231.17,mobile,0.1792452830188679,0.18867924528301888,control
295,115,35,63,315.71999999999997,mobile,0.30434782608695654,0.5478260869565217,control
297,233,42,51,329.55,mobile,0.18025751072961374,0.21888412017167383,control
301,478,65,79,222.93,mobile,0.13598326359832635,0.16527196652719664,control
303,325,32,31,151.79,mobile,0.09846153846153846,0.09538461538461539,control
305,110,23,48,279.68,mobile,0.20909090909090908,0.43636363636363634,control
306,189,51,97,355.46,mobile,0.2698412698412698,0.5132275132275133,control
307,96,20,30,65.36,mobile,0.20833333333333334,0.3125,control
309,98,33,26,65.03,mobile,0.336734693877551,0.2653061224489796,control
312,207,41,42,54.85,desktop,0.19806763285024154,0.2028985507246377,control
315,139,57,59,160.26,mobile,0.41007194244604317,0.4244604316546763,control
316,111,16,83,298.07,mobile,0.14414414414414414,0.7477477477477478,control
317,107,9,28,80.24,desktop,0.08411214953271028,0.2616822429906542,control
323,457,64,202,546.66,mobile,0.1400437636761488,0.4420131291028446,control
324,70,14,52,62.03,mobile,0.2,0.7428571428571429,control
326,172,12,30,98.83,mobile,0.06976744186046512,0.1744186046511628,control
327,168,27,42,296.15999999999997,mobile,0.16071428571428573,0.25,control
328,135,59,35,103.95,mobile,0.43703703703703706,0.25925925925925924,control
329,206,27,61,104.01,mobile,0.13106796116504854,0.2961165048543689,control
331,219,38,67,142.31,mobile,0.1735159817351598,0.3059360730593607,control
337,184,28,47,107.72,mobile,0.15217391304347827,0.2554347826086957,control
338,146,38,60,348.03000000000003,mobile,0.2602739726027397,0.410958904109589,control
339,71,12,10,39.0,desktop,0.16901408450704225,0.14084507042253522,control
341,204,28,144,190.75,mobile,0.13725490196078433,0.7058823529411765,control
342,96,16,21,56.81,desktop,0.16666666666666666,0.21875,control
346,70,15,28,56.82,mobile,0.21428571428571427,0.4,control
348,212,23,38,142.11,mobile,0.10849056603773585,0.1792452830188679,control
349,321,90,88,235.83,mobile,0.2803738317757009,0.27414330218068533,control
350,43,10,26,178.88,mobile,0.23255813953488372,0.6046511627906976,control
351,81,34,28,97.89,mobile,0.41975308641975306,0.345679012345679,control
356,46,3,12,92.35,desktop,0.06521739130434782,0.2608695652173913,control
357,212,69,29,152.31,mobile,0.32547169811320753,0.13679245283018868,control
358,362,46,99,340.59,mobile,0.1270718232044199,0.27348066298342544,control
359,189,41,32,154.39,mobile,0.21693121693121692,0.1693121693121693,control
360,167,21,14,156.53,mobile,0.12574850299401197,0.08383233532934131,control
361,127,23,56,96.92,mobile,0.18110236220472442,0.4409448818897638,control
363,137,17,25,87.71,mobile,0.12408759124087591,0.18248175182481752,control
365,345,31,154,220.56,mobile,0.08985507246376812,0.4463768115942029,control
367,130,38,16,419.31,mobile,0.2923076923076923,0.12307692307692308,control
368,15,7,8,14.17,desktop,0.4666666666666667,0.5333333333333333,control
371,132,11,42,59.0,desktop,0.08333333333333333,0.3181818181818182,control
376,35,14,22,31.259999999999998,mobile,0.4,0.6285714285714286,control
379,36,8,5,22.35,mobile,0.2222222222222222,0.1388888888888889,control
381,418,97,58,227.15,mobile,0.23205741626794257,0.13875598086124402,control
383,242,35,80,163.73,mobile,0.1446280991735537,0.3305785123966942,control
384,106,27,57,298.12,mobile,0.25471698113207547,0.5377358490566038,control
389,106,23,7,34.480000000000004,mobile,0.2169811320754717,0.0660377358490566,control
390,223,54,88,162.14,mobile,0.242152466367713,0.39461883408071746,control
393,364,73,96,470.42,mobile,0.20054945054945056,0.26373626373626374,control
394,163,19,38,135.68,mobile,0.1165644171779141,0.2331288343558282,control
395,69,17,25,70.6,mobile,0.2463768115942029,0.36231884057971014,control
397,332,23,135,388.9,mobile,0.06927710843373494,0.4066265060240964,control
398,140,21,19,87.03,mobile,0.15,0.1357142857142857,control
399,272,65,42,369.56,mobile,0.23897058823529413,0.15441176470588236,control
400,11,6,3,39.22,desktop,0.5454545454545454,0.2727272727272727,control
401,292,111,59,241.97,mobile,0.3801369863013699,0.20205479452054795,control
402,399,46,89,202.84,mobile,0.11528822055137844,0.22305764411027568,control
404,47,30,9,48.45,mobile,0.6382978723404256,0.19148936170212766,control
405,23,10,11,26.119999999999997,mobile,0.43478260869565216,0.4782608695652174,control
407,105,15,63,63.69,desktop,0.14285714285714285,0.6,control
409,80,21,28,52.3,desktop,0.2625,0.35,control
411,249,63,87,145.38,mobile,0.25301204819277107,0.3493975903614458,control
412,21,7,5,20.380000000000003,mobile,0.3333333333333333,0.23809523809523808,control
413,58,7,41,24.71,mobile,0.1206896551724138,0.7068965517241379,control
414,291,75,59,529.67,mobile,0.25773195876288657,0.2027491408934708,control
415,153,22,58,107.27,mobile,0.1437908496732026,0.3790849673202614,control
418,128,11,24,79.17,mobile,0.0859375,0.1875,control
420,44,9,37,56.62,mobile,0.20454545454545456,0.8409090909090909,control
421,452,27,139,214.53,mobile,0.059734513274336286,0.3075221238938053,control
422,161,27,23,143.14000000000001,desktop,0.16770186335403728,0.14285714285714285,control
425,211,26,69,124.07,mobile,0.12322274881516587,0.32701421800947866,control
428,198,52,48,377.34,mobile,0.26262626262626265,0.24242424242424243,control
431,115,39,47,132.71,mobile,0.3391304347826087,0.40869565217391307,control
433,79,3,39,58.97,desktop,0.0379746835443038,0.4936708860759494,control
434,86,6,15,16.68,desktop,0.06976744186046512,0.1744186046511628,control
435,141,20,44,335.91,mobile,0.14184397163120568,0.3120567375886525,control
436,80,16,16,85.42999999999999,desktop,0.2,0.2,control
437,59,12,43,53.51,mobile,0.2033898305084746,0.7288135593220338,control
438,16,10,13,25.15,mobile,0.625,0.8125,control
439,59,2,19,21.16,desktop,0.03389830508474576,0.3220338983050847,control
441,14,10,7,24.84,mobile,0.7142857142857143,0.5,control
443,102,17,26,66.49,mobile,0.16666666666666666,0.2549019607843137,control
444,295,33,63,483.93,mobile,0.11186440677966102,0.2135593220338983,control
445,11,1,5,9.96,mobile,0.09090909090909091,0.45454545454545453,control
447,347,80,112,199.78,mobile,0.23054755043227665,0.3227665706051873,control
448,43,14,20,31.15,mobile,0.32558139534883723,0.46511627906976744,control
451,101,59,29,158.06,mobile,0.5841584158415841,0.2871287128712871,control
453,30,13,18,22.68,mobile,0.43333333333333335,0.6,control
454,18,9,5,10.16,desktop,0.5,0.2777777777777778,control
456,110,27,17,125.61999999999999,desktop,0.24545454545454545,0.15454545454545454,control
459,89,7,17,33.22,desktop,0.07865168539325842,0.19101123595505617,control
460,23,23,17,26.73,desktop,1.0,0.7391304347826086,control
461,88,28,38,315.72,mobile,0.3181818181818182,0.4318181818181818,control
464,86,12,32,115.78999999999999,mobile,0.13953488372093023,0.37209302325581395,control
465,143,20,60,146.63,mobile,0.13986013986013987,0.4195804195804196,control
469,17,3,5,10.52,mobile,0.17647058823529413,0.29411764705882354,control
471,305,29,24,188.16,mobile,0.09508196721311475,0.07868852459016394,control
472,114,32,40,60.68,desktop,0.2807017543859649,0.3508771929824561,control
474,370,39,95,210.46,mobile,0.10540540540540541,0.25675675675675674,control
476,76,19,87,48.15,desktop,0.25,1.144736842105263,control
477,224,119,115,363.5,mobile,0.53125,0.5133928571428571,control
479,137,55,40,86.64,mobile,0.40145985401459855,0.291970802919708,control
481,66,5,9,65.85,mobile,0.07575757575757576,0.13636363636363635,control
483,383,54,102,362.67,mobile,0.1409921671018277,0.26631853785900783,control
484,194,62,78,223.77,mobile,0.31958762886597936,0.4020618556701031,control
488,158,62,67,104.45,mobile,0.3924050632911392,0.4240506329113924,control
489,268,96,136,398.09000000000003,mobile,0.3582089552238806,0.5074626865671642,control
490,159,29,75,172.78,mobile,0.18238993710691823,0.4716981132075472,control
491,265,35,69,204.95,mobile,0.1320754716981132,0.26037735849056604,control
493,152,1,43,137.37,desktop,0.006578947368421052,0.28289473684210525,control
497,120,14,24,40.64,desktop,0.11666666666666667,0.2,control
498,344,24,57,145.56,mobile,0.06976744186046512,0.16569767441860464,control
502,437,111,145,245.34,mobile,0.2540045766590389,0.3318077803203661,control
504,104,52,26,214.91000000000003,mobile,0.5,0.25,control
505,76,16,23,43.67,desktop,0.21052631578947367,0.3026315789473684,control
507,404,124,65,303.33,mobile,0.3069306930693069,0.1608910891089109,control
509,245,20,95,307.40000000000003,mobile,0.08163265306122448,0.3877551020408163,control
510,258,83,94,198.87,mobile,0.32170542635658916,0.3643410852713178,control
511,129,16,42,317.71000000000004,mobile,0.12403100775193798,0.32558139534883723,control
517,261,124,91,875.13,mobile,0.47509578544061304,0.3486590038314176,control
518,194,44,111,237.01,mobile,0.2268041237113402,0.5721649484536082,control
520,204,53,60,209.82,mobile,0.25980392156862747,0.29411764705882354,control
522,157,15,53,327.84000000000003,mobile,0.09554140127388536,0.3375796178343949,control
523,80,38,30,106.01,mobile,0.475,0.375,control
525,21,1,6,11.19,mobile,0.047619047619047616,0.2857142857142857,control
527,338,39,81,577.32,mobile,0.11538461538461539,0.23964497041420119,control
528,17,9,3,10.93,desktop,0.5294117647058824,0.17647058823529413,control
529,293,28,114,400.7,mobile,0.09556313993174062,0.3890784982935154,control
530,300,46,106,606.76,mobile,0.15333333333333332,0.35333333333333333,control
531,497,45,99,257.54,mobile,0.09054325955734406,0.19919517102615694,control
534,92,51,30,91.56,mobile,0.5543478260869565,0.32608695652173914,control
537,124,37,125,161.68,mobile,0.29838709677419356,1.0080645161290323,control
539,94,28,50,97.28,desktop,0.2978723404255319,0.5319148936170213,control
540,135,9,43,123.77,mobile,0.06666666666666667,0.31851851851851853,control
544,182,57,38,136.18,mobile,0.3131868131868132,0.2087912087912088,control
548,153,88,37,248.32,mobile,0.5751633986928104,0.24183006535947713,control
551,19,5,3,14.24,mobile,0.2631578947368421,0.15789473684210525,control
555,96,32,69,134.54,mobile,0.3333333333333333,0.71875,control
558,434,81,88,230.74,mobile,0.18663594470046083,0.20276497695852536,control
560,342,73,192,186.54,mobile,0.2134502923976608,0.5614035087719298,control
562,107,20,7,42.6,desktop,0.18691588785046728,0.06542056074766354,control
563,102,15,39,36.42,desktop,0.14705882352941177,0.38235294117647056,control
565,288,81,173,293.87,mobile,0.28125,0.6006944444444444,control
570,227,44,86,311.45,mobile,0.19383259911894274,0.3788546255506608,control
571,229,55,89,612.49,mobile,0.24017467248908297,0.388646288209607,control
573,29,9,9,18.65,mobile,0.3103448275862069,0.3103448275862069,control
574,349,49,128,538.98,mobile,0.14040114613180515,0.3667621776504298,control
575,99,5,85,80.5,mobile,0.050505050505050504,0.8585858585858586,control
576,26,7,4,17.509999999999998,desktop,0.2692307692307692,0.15384615384615385,control
578,103,20,62,228.05,mobile,0.1941747572815534,0.6019417475728155,control
590,14,1,3,7.33,desktop,0.07142857142857142,0.21428571428571427,control
593,46,5,5,24.0,mobile,0.10869565217391304,0.10869565217391304,control
594,84,35,53,103.79,mobile,0.4166666666666667,0.6309523809523809,control
595,310,25,28,171.09,mobile,0.08064516129032258,0.09032258064516129,control
596,292,52,59,186.54,mobile,0.1780821917808219,0.20205479452054795,control
597,5,1,4,4.19,desktop,0.2,0.8,control
599,140,7,25,59.410000000000004,desktop,0.05,0.17857142857142858,control
602,123,88,14,68.59,desktop,0.7154471544715447,0.11382113821138211,control
603,6,3,2,2.15,desktop,0.5,0.3333333333333333,control
608,141,15,24,85.27,mobile,0.10638297872340426,0.1702127659574468,control
610,53,28,33,39.78,desktop,0.5283018867924528,0.6226415094339622,control
611,168,21,78,347.03000000000003,mobile,0.125,0.4642857142857143,control
612,115,19,73,114.58,mobile,0.16521739130434782,0.6347826086956522,control
613,69,4,4,20.22,desktop,0.057971014492753624,0.057971014492753624,control
615,334,70,67,149.29,mobile,0.20958083832335328,0.20059880239520958,control
616,59,19,31,91.69,desktop,0.3220338983050847,0.5254237288135594,control
618,344,55,92,426.81,mobile,0.15988372093023256,0.26744186046511625,control
619,140,52,27,83.08,mobile,0.37142857142857144,0.19285714285714287,control
620,130,5,9,52.92,desktop,0.038461538461538464,0.06923076923076923,control
623,71,9,22,39.35,mobile,0.1267605633802817,0.30985915492957744,control
629,279,41,58,339.29,mobile,0.14695340501792115,0.2078853046594982,control
633,370,35,229,363.79,mobile,0.0945945945945946,0.6189189189189189,control
634,35,7,21,69.81,desktop,0.2,0.6,control
635,248,43,146,358.85,mobile,0.17338709677419356,0.5887096774193549,control
636,145,24,69,104.7,mobile,0.16551724137931034,0.47586206896551725,control
637,275,41,76,199.91,mobile,0.14909090909090908,0.27636363636363637,control
639,412,113,65,351.03,mobile,0.27427184466019416,0.15776699029126215,control
641,426,46,148,541.63,mobile,0.107981220657277,0.3474178403755869,control
644,77,12,16,155.61,desktop,0.15584415584415584,0.2077922077922078,control
645,212,45,69,178.17,mobile,0.21226415094339623,0.32547169811320753,control
649,81,13,20,53.05,mobile,0.16049382716049382,0.24691358024691357,control
651,317,23,64,358.38,mobile,0.07255520504731862,0.20189274447949526,control
655,34,4,10,88.97,desktop,0.11764705882352941,0.29411764705882354,control
656,194,17,48,115.19,mobile,0.08762886597938144,0.24742268041237114,control
657,283,78,35,333.65,mobile,0.2756183745583039,0.12367491166077739,control
658,118,23,37,89.93,mobile,0.19491525423728814,0.3135593220338983,control
659,171,32,61,103.05,mobile,0.1871345029239766,0.3567251461988304,control
662,228,42,125,207.3,mobile,0.18421052631578946,0.5482456140350878,control
663,395,59,53,252.69,mobile,0.14936708860759493,0.1341772151898734,control
667,211,4,85,135.66,desktop,0.018957345971563982,0.4028436018957346,control
669,290,67,125,182.5,mobile,0.23103448275862068,0.43103448275862066,control
677,13,3,5,10.91,mobile,0.23076923076923078,0.38461538461538464,control
678,291,47,72,145.99,mobile,0.16151202749140894,0.24742268041237114,control
680,279,53,114,508.93000000000006,mobile,0.18996415770609318,0.40860215053763443,control
681,373,145,85,245.12,mobile,0.38873994638069703,0.22788203753351208,control
682,120,50,60,98.51,desktop,0.4166666666666667,0.5,control
684,272,11,115,311.51,mobile,0.04044117647058824,0.4227941176470588,control
686,55,0,15,19.63,mobile,0.0,0.2727272727272727,control
688,327,91,135,458.15,mobile,0.2782874617737003,0.41284403669724773,control
689,7,1,5,2.57,desktop,0.14285714285714285,0.7142857142857143,control
690,305,42,84,511.98,mobile,0.1377049180327869,0.2754098360655738,control
691,169,38,42,138.02,mobile,0.22485207100591717,0.2485207100591716,control
694,97,14,38,120.24,desktop,0.14432989690721648,0.3917525773195876,control
695,228,29,51,401.9,mobile,0.12719298245614036,0.2236842105263158,control
696,275,46,107,182.79999999999998,mobile,0.16727272727272727,0.3890909090909091,control
697,395,96,109,489.66999999999996,mobile,0.2430379746835443,0.2759493670886076,control
698,58,9,31,178.56,desktop,0.15517241379310345,0.5344827586206896,control
699,50,30,16,56.74,mobile,0.6,0.32,control
701,127,87,46,77.92,desktop,0.6850393700787402,0.36220472440944884,control
704,61,53,79,47.6,desktop,0.8688524590163934,1.2950819672131149,control
708,251,29,58,164.07999999999998,mobile,0.11553784860557768,0.23107569721115537,control
710,34,7,7,19.48,mobile,0.20588235294117646,0.20588235294117646,control
712,194,28,41,234.98,mobile,0.14432989690721648,0.211340206185567,control
716,95,17,53,78.15,mobile,0.17894736842105263,0.5578947368421052,control
720,266,108,158,369.03,mobile,0.40601503759398494,0.5939849624060151,control
723,127,43,21,120.19,mobile,0.33858267716535434,0.16535433070866143,control
725,15,1,3,217.83,mobile,0.06666666666666667,0.2,control
726,53,18,17,33.13,desktop,0.33962264150943394,0.32075471698113206,control
730,105,23,20,47.11,desktop,0.21904761904761905,0.19047619047619047,control
733,283,62,123,247.77,mobile,0.21908127208480566,0.43462897526501765,control
735,410,100,104,596.17,mobile,0.24390243902439024,0.25365853658536586,control
736,44,5,17,33.31,mobile,0.11363636363636363,0.38636363636363635,control
739,205,45,66,162.3,mobile,0.21951219512195122,0.32195121951219513,control
740,268,119,137,191.57,mobile,0.44402985074626866,0.5111940298507462,control
744,302,70,68,612.6600000000001,mobile,0.23178807947019867,0.2251655629139073,control
745,267,54,144,341.31,mobile,0.20224719101123595,0.5393258426966292,control
757,268,100,108,270.48,mobile,0.373134328358209,0.40298507462686567,control
758,166,46,116,141.27,mobile,0.27710843373493976,0.6987951807228916,control
759,69,6,27,76.97,mobile,0.08695652173913043,0.391304347826087,control
761,274,153,96,457.11,mobile,0.5583941605839416,0.35036496350364965,control
763,218,35,31,351.12,mobile,0.16055045871559634,0.14220183486238533,control
767,86,78,72,91.7,mobile,0.9069767441860465,0.8372093023255814,control
773,210,70,68,126.61,mobile,0.3333333333333333,0.3238095238095238,control
775,56,0,10,23.23,desktop,0.0,0.17857142857142858,control
778,226,52,129,747.33,mobile,0.23008849557522124,0.5707964601769911,control
779,194,17,37,162.13,mobile,0.08762886597938144,0.19072164948453607,control
782,159,72,133,181.29,mobile,0.4528301886792453,0.8364779874213837,control
783,70,17,40,73.73,mobile,0.24285714285714285,0.5714285714285714,control
784,139,21,38,97.57,desktop,0.1510791366906475,0.2733812949640288,control
789,164,32,39,197.86,mobile,0.1951219512195122,0.23780487804878048,control
790,128,10,42,78.03,desktop,0.078125,0.328125,control
791,105,22,35,65.92999999999999,mobile,0.20952380952380953,0.3333333333333333,control
795,143,14,27,66.44,mobile,0.0979020979020979,0.1888111888111888,control
796,144,30,65,115.88,mobile,0.20833333333333334,0.4513888888888889,control
797,275,63,59,441.49,mobile,0.2290909090909091,0.21454545454545454,control
798,234,55,130,410.56,mobile,0.23504273504273504,0.5555555555555556,control
800,60,20,32,29.27,mobile,0.3333333333333333,0.5333333333333333,control
801,81,5,8,26.11,desktop,0.06172839506172839,0.09876543209876543,control
802,586,58,80,243.92,mobile,0.09897610921501707,0.13651877133105803,control
804,161,15,29,88.06,mobile,0.09316770186335403,0.18012422360248448,control
805,370,55,135,592.27,mobile,0.14864864864864866,0.36486486486486486,control
806,386,78,104,524.19,mobile,0.20207253886010362,0.2694300518134715,control
807,274,37,143,510.56,mobile,0.13503649635036497,0.5218978102189781,control
809,95,22,26,31.04,desktop,0.23157894736842105,0.2736842105263158,control
813,25,9,10,36.41,mobile,0.36,0.4,control
815,192,48,26,255.98,mobile,0.25,0.13541666666666666,control
818,59,19,24,37.24,desktop,0.3220338983050847,0.4067796610169492,control
819,116,37,11,80.86,mobile,0.31896551724137934,0.09482758620689655,control
821,35,9,14,56.45,desktop,0.2571428571428571,0.4,control
822,172,35,31,247.83,mobile,0.20348837209302326,0.18023255813953487,control
823,348,85,93,233.68,mobile,0.2442528735632184,0.2672413793103448,control
824,415,66,110,417.3,mobile,0.15903614457831325,0.26506024096385544,control
826,152,51,35,131.18,mobile,0.3355263157894737,0.23026315789473684,control
827,109,35,13,70.46000000000001,mobile,0.3211009174311927,0.11926605504587157,control
828,225,19,32,83.58,mobile,0.08444444444444445,0.14222222222222222,control
831,411,66,50,385.17,mobile,0.16058394160583941,0.12165450121654502,control
833,21,7,5,8.780000000000001,desktop,0.3333333333333333,0.23809523809523808,control
835,316,64,97,205.57,mobile,0.20253164556962025,0.3069620253164557,control
837,30,14,13,24.29,mobile,0.4666666666666667,0.43333333333333335,control
840,172,13,51,55.5,desktop,0.0755813953488372,0.29651162790697677,control
842,61,14,54,22.82,desktop,0.22950819672131148,0.8852459016393442,control
843,229,58,81,462.34999999999997,mobile,0.25327510917030566,0.3537117903930131,control
844,67,17,3,33.24,desktop,0.2537313432835821,0.04477611940298507,control
846,10,3,4,6.9399999999999995,desktop,0.3,0.4,control
848,303,35,75,193.05,mobile,0.11551155115511551,0.24752475247524752,control
853,230,21,80,376.90000000000003,mobile,0.09130434782608696,0.34782608695652173,control
854,246,77,107,140.12,mobile,0.3130081300813008,0.4349593495934959,control
855,57,8,16,36.32,desktop,0.14035087719298245,0.2807017543859649,control
856,87,31,28,147.25,desktop,0.3563218390804598,0.3218390804597701,control
857,202,73,33,173.82,mobile,0.3613861386138614,0.16336633663366337,control
860,211,46,149,264.21,mobile,0.21800947867298578,0.7061611374407583,control
864,155,41,19,263.8,mobile,0.2645161290322581,0.12258064516129032,control
871,143,46,80,128.75,mobile,0.32167832167832167,0.5594405594405595,control
874,55,29,10,177.81,desktop,0.5272727272727272,0.18181818181818182,control
877,198,5,39,165.37,mobile,0.025252525252525252,0.19696969696969696,control
879,37,4,23,23.72,mobile,0.10810810810810811,0.6216216216216216,control
880,135,25,76,153.81,mobile,0.18518518518518517,0.562962962962963,control
881,265,80,83,248.04,mobile,0.3018867924528302,0.3132075471698113,control
882,70,25,33,64.12,desktop,0.35714285714285715,0.4714285714285714,control
884,171,52,54,186.54,mobile,0.30409356725146197,0.3157894736842105,control
885,23,6,26,68.94,desktop,0.2608695652173913,1.1304347826086956,control
889,157,22,46,365.33000000000004,mobile,0.14012738853503184,0.2929936305732484,control
894,62,23,39,56.04,mobile,0.3709677419354839,0.6290322580645161,control
895,316,67,62,217.14,mobile,0.2120253164556962,0.1962025316455696,control
899,2,0,3,3.39,desktop,0.0,1.5,control
900,332,79,127,179.79,mobile,0.23795180722891565,0.3825301204819277,control
901,89,10,93,72.19,desktop,0.11235955056179775,1.0449438202247192,control
903,327,66,68,168.7,mobile,0.2018348623853211,0.20795107033639143,control
904,193,16,53,125.07,mobile,0.08290155440414508,0.27461139896373055,control
906,235,77,92,374.12,mobile,0.3276595744680851,0.39148936170212767,control
907,239,107,43,231.91,mobile,0.4476987447698745,0.1799163179916318,control
909,10,3,8,10.91,mobile,0.3,0.8,control
910,229,65,76,175.48,mobile,0.2838427947598253,0.3318777292576419,control
911,333,41,47,339.86,mobile,0.12312312312312312,0.14114114114114115,control
913,164,37,75,96.32,mobile,0.22560975609756098,0.4573170731707317,control
919,59,6,69,66.68,desktop,0.1016949152542373,1.1694915254237288,control
922,357,23,71,319.65,mobile,0.06442577030812324,0.19887955182072828,control
929,280,57,35,197.05,mobile,0.20357142857142857,0.125,control
930,107,24,13,97.23,desktop,0.22429906542056074,0.12149532710280374,control
931,120,27,42,112.33,mobile,0.225,0.35,control
933,43,10,10,27.07,mobile,0.23255813953488372,0.23255813953488372,control
934,14,1,4,7.25,desktop,0.07142857142857142,0.2857142857142857,control
935,221,71,83,283.77,mobile,0.3212669683257919,0.3755656108597285,control
936,25,10,13,9.41,desktop,0.4,0.52,control
937,485,81,90,357.29,mobile,0.1670103092783505,0.18556701030927836,control
939,298,26,86,141.98,mobile,0.087248322147651,0.28859060402684567,control
940,274,74,62,581.97,mobile,0.27007299270072993,0.22627737226277372,control
941,55,17,21,47.5,mobile,0.3090909090909091,0.38181818181818183,control
942,52,27,9,47.269999999999996,mobile,0.5192307692307693,0.17307692307692307,control
943,230,62,26,111.51,mobile,0.26956521739130435,0.11304347826086956,control
944,70,9,30,60.14,mobile,0.12857142857142856,0.42857142857142855,control
945,107,6,19,36.06,desktop,0.056074766355140186,0.17757009345794392,control
947,205,37,88,136.18,mobile,0.18048780487804877,0.4292682926829268,control
948,290,28,32,153.0,mobile,0.09655172413793103,0.1103448275862069,control
949,332,98,164,827.22,mobile,0.29518072289156627,0.4939759036144578,control
954,202,88,108,147.91,mobile,0.43564356435643564,0.5346534653465347,control
955,519,83,90,265.91,mobile,0.1599229287090559,0.17341040462427745,control
957,66,18,16,21.25,desktop,0.2727272727272727,0.24242424242424243,control
960,99,13,21,37.7,desktop,0.13131313131313133,0.21212121212121213,control
961,96,12,63,93.53,mobile,0.125,0.65625,control
962,151,23,42,89.89,mobile,0.152317880794702,0.2781456953642384,control
964,207,48,51,118.85,mobile,0.2318840579710145,0.2463768115942029,control
966,316,33,74,217.1,mobile,0.10443037974683544,0.23417721518987342,control
967,112,21,20,48.77,mobile,0.1875,0.17857142857142858,control
968,60,15,13,40.54,mobile,0.25,0.21666666666666667,control
969,160,114,111,195.41,mobile,0.7125,0.69375,control
971,272,59,111,483.42,mobile,0.21691176470588236,0.40808823529411764,control
973,116,20,65,97.03,mobile,0.1724137931034483,0.5603448275862069,control
974,79,24,24,41.43,desktop,0.3037974683544304,0.3037974683544304,control
975,369,56,104,239.45,mobile,0.15176151761517614,0.28184281842818426,control
976,77,24,11,58.45,mobile,0.3116883116883117,0.14285714285714285,control
977,54,22,27,89.91,desktop,0.4074074074074074,0.5,control
978,198,118,30,166.57,mobile,0.5959595959595959,0.15151515151515152,control
979,365,81,114,338.65,mobile,0.2219178082191781,0.31232876712328766,control
980,277,55,45,240.82,mobile,0.19855595667870035,0.1624548736462094,control
983,24,3,15,16.61,desktop,0.125,0.625,control
986,31,9,13,217.23,mobile,0.2903225806451613,0.41935483870967744,control
988,170,23,41,99.5,mobile,0.13529411764705881,0.2411764705882353,control
989,76,14,14,54.349999999999994,mobile,0.18421052631578946,0.18421052631578946,control
991,95,20,12,67.15,mobile,0.21052631578947367,0.12631578947368421,control
992,203,59,52,131.33,mobile,0.29064039408866993,0.2561576354679803,control
993,131,16,42,102.26,mobile,0.12213740458015267,0.32061068702290074,control
994,250,88,78,712.64,mobile,0.352,0.312,control
996,246,46,78,204.87,mobile,0.18699186991869918,0.3170731707317073,control
997,36,2,12,8.9,desktop,0.05555555555555555,0.3333333333333333,control
998,299,36,62,205.08,mobile,0.12040133779264214,0.20735785953177258,control
1000,176,25,32,65.05,desktop,0.14204545454545456,0.18181818181818182,control
1001,145,33,68,100.46000000000001,mobile,0.22758620689655173,0.4689655172413793,control
1002,152,16,43,156.96,mobile,0.10526315789473684,0.28289473684210525,control
1004,247,155,51,133.63,mobile,0.6275303643724697,0.20647773279352227,control
1006,155,34,39,309.7,mobile,0.21935483870967742,0.25161290322580643,control
1008,79,18,28,211.32,mobile,0.22784810126582278,0.35443037974683544,control
1009,329,95,32,373.01,mobile,0.2887537993920973,0.0972644376899696,control
1010,76,17,28,219.04,mobile,0.2236842105263158,0.3684210526315789,control
1011,307,27,36,120.28,mobile,0.08794788273615635,0.11726384364820847,control
1012,205,51,65,168.73,mobile,0.24878048780487805,0.3170731707317073,control
1013,119,14,48,75.32,desktop,0.11764705882352941,0.40336134453781514,control
1015,267,108,74,676.22,mobile,0.4044943820224719,0.27715355805243447,control
1017,16,1,5,11.01,mobile,0.0625,0.3125,control
1018,244,59,61,246.06,mobile,0.24180327868852458,0.25,control
1019,112,44,11,35.44,desktop,0.39285714285714285,0.09821428571428571,control
1021,29,5,10,36.81,mobile,0.1724137931034483,0.3448275862068966,control
1023,399,59,85,187.96,mobile,0.14786967418546365,0.21303258145363407,control
1024,73,71,43,88.16,mobile,0.9726027397260274,0.589041095890411,control
1026,127,25,39,118.53999999999999,mobile,0.1968503937007874,0.30708661417322836,control
1029,79,10,21,59.81,mobile,0.12658227848101267,0.26582278481012656,control
1030,75,10,17,42.87,desktop,0.13333333333333333,0.22666666666666666,control
1031,81,29,37,76.58,mobile,0.35802469135802467,0.4567901234567901,control
1035,88,15,14,57.879999999999995,mobile,0.17045454545454544,0.1590909090909091,control
1036,357,95,95,210.17,mobile,0.2661064425770308,0.2661064425770308,control
1038,210,19,39,76.74,desktop,0.09047619047619047,0.18571428571428572,control
1039,91,12,38,64.45,mobile,0.13186813186813187,0.4175824175824176,control
1040,216,68,140,286.38,mobile,0.3148148148148148,0.6481481481481481,control
1042,109,11,17,326.90999999999997,mobile,0.10091743119266056,0.1559633027522936,control
1043,174,13,79,115.32,mobile,0.07471264367816093,0.4540229885057471,control
1044,146,80,47,145.75,mobile,0.547945205479452,0.3219178082191781,control
1045,192,33,61,134.29,mobile,0.171875,0.3177083333333333,control
1046,163,76,75,153.51,mobile,0.4662576687116564,0.4601226993865031,control
1049,9,3,1,2.85,desktop,0.3333333333333333,0.1111111111111111,control
1051,283,43,78,149.1,mobile,0.1519434628975265,0.2756183745583039,control
1052,98,14,56,72.78,mobile,0.14285714285714285,0.5714285714285714,control
1055,92,6,28,61.89,mobile,0.06521739130434782,0.30434782608695654,control
1057,241,37,51,169.06,mobile,0.15352697095435686,0.21161825726141079,control
1060,129,17,15,228.14999999999998,mobile,0.13178294573643412,0.11627906976744186,control
1061,90,44,21,339.53999999999996,mobile,0.4888888888888889,0.23333333333333334,control
1063,240,69,98,233.68,mobile,0.2875,0.4083333333333333,control
1065,97,29,12,91.52,mobile,0.29896907216494845,0.12371134020618557,control
1067,27,2,9,11.89,desktop,0.07407407407407407,0.3333333333333333,control
1068,89,18,45,65.93,mobile,0.20224719101123595,0.5056179775280899,control
1069,190,23,38,138.15,mobile,0.12105263157894737,0.2,control
1070,55,21,60,246.26000000000002,mobile,0.38181818181818183,1.0909090909090908,control
1071,51,2,10,39.93,mobile,0.0392156862745098,0.19607843137254902,control
1072,120,9,32,92.72,desktop,0.075,0.26666666666666666,control
1076,392,107,103,230.15,mobile,0.2729591836734694,0.2627551020408163,control
1077,374,103,168,528.28,mobile,0.27540106951871657,0.44919786096256686,control
1081,74,5,21,83.56,desktop,0.06756756756756757,0.28378378378378377,control
1082,273,33,87,1106.01,mobile,0.12087912087912088,0.31868131868131866,control
1083,320,21,117,214.24,mobile,0.065625,0.365625,control
1084,216,39,16,95.61,mobile,0.18055555555555555,0.07407407407407407,control
1086,212,31,62,380.42,mobile,0.14622641509433962,0.29245283018867924,control
1089,43,9,27,33.89,mobile,0.20930232558139536,0.627906976744186,control
1092,194,36,76,131.29,mobile,0.18556701030927836,0.3917525773195876,control
1093,284,38,59,277.67,mobile,0.13380281690140844,0.20774647887323944,control
1095,62,13,16,40.4,desktop,0.20967741935483872,0.25806451612903225,control
1097,16,2,5,4.56,desktop,0.125,0.3125,control
1098,148,31,75,105.97,mobile,0.20945945945945946,0.5067567567567568,control
1100,17,7,9,9.89,desktop,0.4117647058823529,0.5294117647058824,control
1102,56,10,35,56.05,mobile,0.17857142857142858,0.625,control
1103,344,40,71,549.05,mobile,0.11627906976744186,0.2063953488372093,control
1104,114,39,37,84.89,mobile,0.34210526315789475,0.32456140350877194,control
1106,266,43,107,113.07,mobile,0.16165413533834586,0.40225563909774437,control
1107,262,81,104,240.19,mobile,0.30916030534351147,0.3969465648854962,control
1109,81,31,33,54.76,desktop,0.38271604938271603,0.4074074074074074,control
1111,263,43,122,224.24,mobile,0.1634980988593156,0.46387832699619774,control
1112,66,9,16,312.27,mobile,0.13636363636363635,0.24242424242424243,control
1114,62,15,13,34.629999999999995,mobile,0.24193548387096775,0.20967741935483872,control
1115,64,9,16,32.18,mobile,0.140625,0.25,control
1116,80,32,33,36.33,desktop,0.4,0.4125,control
1117,68,12,20,51.23,mobile,0.17647058823529413,0.29411764705882354,control
1118,30,3,7,23.619999999999997,mobile,0.1,0.23333333333333334,control
1119,89,30,16,50.68,desktop,0.33707865168539325,0.1797752808988764,control
1124,178,23,27,116.19,mobile,0.12921348314606743,0.15168539325842698,control
1125,198,128,146,546.95,mobile,0.6464646464646465,0.7373737373737373,control
1126,81,14,40,85.25,desktop,0.1728395061728395,0.49382716049382713,control
1130,204,30,45,168.78,mobile,0.14705882352941177,0.22058823529411764,control
1131,283,71,56,331.38,mobile,0.2508833922261484,0.1978798586572438,control
1133,153,11,34,71.08,mobile,0.0718954248366013,0.2222222222222222,control
1134,460,49,79,318.06,mobile,0.10652173913043478,0.17173913043478262,control
1138,435,35,93,649.52,mobile,0.08045977011494253,0.21379310344827587,control
1139,236,19,68,206.52,mobile,0.08050847457627118,0.288135593220339,control
1140,299,80,184,441.35,mobile,0.26755852842809363,0.6153846153846154,control
1141,365,51,58,467.58,mobile,0.13972602739726028,0.1589041095890411,control
1142,84,12,40,78.2,mobile,0.14285714285714285,0.47619047619047616,control
1143,297,120,76,211.94,mobile,0.40404040404040403,0.2558922558922559,control
1147,146,47,61,95.76,mobile,0.3219178082191781,0.4178082191780822,control
1155,203,21,32,231.08,mobile,0.10344827586206896,0.15763546798029557,control
1158,369,73,47,494.97999999999996,mobile,0.1978319783197832,0.12737127371273713,control
1160,148,52,27,82.1,mobile,0.35135135135135137,0.18243243243243243,control
1163,132,45,65,117.66,mobile,0.3409090909090909,0.49242424242424243,control
1164,70,19,18,28.1,desktop,0.2714285714285714,0.2571428571428571,control
1166,103,14,20,124.28,mobile,0.13592233009708737,0.1941747572815534,control
1168,56,17,8,14.01,desktop,0.30357142857142855,0.14285714285714285,control
1170,15,7,4,11.57,mobile,0.4666666666666667,0.26666666666666666,control
1174,469,138,31,703.66,mobile,0.2942430703624733,0.06609808102345416,control
1176,207,72,81,185.48000000000002,mobile,0.34782608695652173,0.391304347826087,control
1177,61,20,34,166.23,desktop,0.32786885245901637,0.5573770491803278,control
1178,89,46,27,313.56,mobile,0.5168539325842697,0.30337078651685395,control
1179,160,14,55,99.63,mobile,0.0875,0.34375,control
1180,365,134,137,486.54999999999995,mobile,0.36712328767123287,0.37534246575342467,control
1181,359,21,94,219.05,mobile,0.0584958217270195,0.2618384401114206,control
1182,340,83,114,206.35,mobile,0.24411764705882352,0.3352941176470588,control
1183,278,32,111,297.4,mobile,0.11510791366906475,0.39928057553956836,control
1185,318,55,92,175.38,mobile,0.17295597484276728,0.2893081761006289,control
1186,184,57,75,182.29,mobile,0.30978260869565216,0.4076086956521739,control
1187,146,6,20,40.53,desktop,0.0410958904109589,0.136986301369863,control
1190,73,2,42,40.42,desktop,0.0273972602739726,0.5753424657534246,control
1191,231,40,53,183.92,mobile,0.17316017316017315,0.22943722943722944,control
1192,302,37,75,800.15,mobile,0.12251655629139073,0.24834437086092714,control
1193,158,10,54,121.64,mobile,0.06329113924050633,0.34177215189873417,control
1194,56,34,23,97.95,desktop,0.6071428571428571,0.4107142857142857,control
1195,49,18,25,63.69,mobile,0.3673469387755102,0.5102040816326531,control
1196,335,115,107,177.89,mobile,0.34328358208955223,0.3194029850746269,control
1197,230,38,62,118.98,mobile,0.16521739130434782,0.26956521739130435,control
1198,203,35,24,105.3,mobile,0.1724137931034483,0.11822660098522167,control
1199,25,14,9,95.61999999999999,desktop,0.56,0.36,control
1201,107,1,42,71.6,desktop,0.009345794392523364,0.3925233644859813,control
1204,54,7,10,296.88,mobile,0.12962962962962962,0.18518518518518517,control
1206,390,37,80,282.95,mobile,0.09487179487179487,0.20512820512820512,control
1208,121,34,49,75.8,mobile,0.2809917355371901,0.4049586776859504,control
1211,43,6,34,37.739999999999995,mobile,0.13953488372093023,0.7906976744186046,control
1217,227,58,53,117.42,mobile,0.2555066079295154,0.23348017621145375,control
1219,251,59,47,178.19,mobile,0.2350597609561753,0.18725099601593626,control
1222,348,42,60,227.92,mobile,0.1206896551724138,0.1724137931034483,control
1224,316,39,122,534.89,mobile,0.12341772151898735,0.3860759493670886,control
1225,236,69,56,545.29,mobile,0.2923728813559322,0.23728813559322035,control
1228,80,27,43,112.81,mobile,0.3375,0.5375,control
1229,117,37,45,116.2,mobile,0.3162393162393162,0.38461538461538464,control
1233,62,3,32,93.67999999999999,desktop,0.04838709677419355,0.5161290322580645,control
1234,222,70,92,381.25,mobile,0.3153153153153153,0.4144144144144144,control
1235,69,14,23,36.05,mobile,0.2028985507246377,0.3333333333333333,control
1236,22,6,5,11.96,mobile,0.2727272727272727,0.22727272727272727,control
1237,197,49,118,138.74,mobile,0.24873096446700507,0.5989847715736041,control
1243,216,82,55,138.79,mobile,0.37962962962962965,0.25462962962962965,control
1248,196,44,123,381.83000000000004,mobile,0.22448979591836735,0.6275510204081632,control
1250,222,98,31,200.14000000000001,mobile,0.44144144144144143,0.13963963963963963,control
1251,105,60,41,121.58,mobile,0.5714285714285714,0.3904761904761905,control
1254,293,48,130,208.66,mobile,0.16382252559726962,0.44368600682593856,control
1256,129,30,34,81.54,mobile,0.23255813953488372,0.26356589147286824,control
1257,105,10,11,70.96,mobile,0.09523809523809523,0.10476190476190476,control
1261,43,14,34,40.89,mobile,0.32558139534883723,0.7906976744186046,control
1262,336,58,60,439.93,mobile,0.17261904761904762,0.17857142857142858,control
1263,250,36,37,417.11,mobile,0.144,0.148,control
1264,82,18,11,46.0,desktop,0.21951219512195122,0.13414634146341464,control
1265,23,1,7,59.760000000000005,desktop,0.043478260869565216,0.30434782608695654,control
1266,194,62,103,406.99,mobile,0.31958762886597936,0.5309278350515464,control
1269,351,49,84,224.94,mobile,0.1396011396011396,0.23931623931623933,control
1270,374,49,149,256.02,mobile,0.13101604278074866,0.3983957219251337,control
1272,143,30,45,93.91,mobile,0.2097902097902098,0.3146853146853147,control
1275,57,44,12,83.16000000000001,desktop,0.7719298245614035,0.21052631578947367,control
1277,458,126,60,232.58,mobile,0.27510917030567683,0.13100436681222707,control
1278,112,25,49,58.1,desktop,0.22321428571428573,0.4375,control
1280,307,32,157,741.51,mobile,0.10423452768729642,0.511400651465798,control
1281,271,117,93,241.04,mobile,0.4317343173431734,0.34317343173431736,control
1286,19,3,4,10.25,desktop,0.15789473684210525,0.21052631578947367,control
1293,80,9,25,311.87,mobile,0.1125,0.3125,control
1294,233,84,88,187.13,mobile,0.3605150214592275,0.3776824034334764,control
1296,109,28,36,72.71000000000001,desktop,0.25688073394495414,0.3302752293577982,control
1298,67,21,41,34.39,mobile,0.31343283582089554,0.6119402985074627,control
1299,252,64,79,490.37,mobile,0.25396825396825395,0.3134920634920635,control
1301,127,22,107,110.97,mobile,0.1732283464566929,0.84251968503937,control
1302,54,17,2,27.45,desktop,0.3148148148148148,0.037037037037037035,control
1303,65,16,34,73.21000000000001,mobile,0.24615384615384617,0.5230769230769231,control
1307,230,67,108,531.97,mobile,0.29130434782608694,0.46956521739130436,control
1308,24,14,10,27.57,mobile,0.5833333333333334,0.4166666666666667,control
1309,351,27,40,314.37,mobile,0.07692307692307693,0.11396011396011396,control
1311,225,39,75,197.37,mobile,0.17333333333333334,0.3333333333333333,control
1312,90,10,16,66.22,mobile,0.1111111111111111,0.17777777777777778,control
1314,354,64,65,179.18,mobile,0.1807909604519774,0.18361581920903955,control
1317,293,53,40,161.65,mobile,0.18088737201365188,0.13651877133105803,control
1318,41,15,9,16.55,desktop,0.36585365853658536,0.21951219512195122,control
1322,301,55,106,655.99,mobile,0.18272425249169436,0.3521594684385382,control
1324,276,37,40,167.47,mobile,0.13405797101449277,0.14492753623188406,control
1325,184,42,87,301.81,mobile,0.22826086956521738,0.47282608695652173,control
1326,97,36,83,91.42,desktop,0.3711340206185567,0.8556701030927835,control
1327,38,25,21,38.75,mobile,0.6578947368421053,0.5526315789473685,control
1331,307,20,65,169.95,mobile,0.06514657980456026,0.21172638436482086,control
1332,274,36,86,241.76,mobile,0.13138686131386862,0.31386861313868614,control
1334,97,16,52,73.8,mobile,0.16494845360824742,0.5360824742268041,control
1336,35,14,51,55.589999999999996,desktop,0.4,1.457142857142857,control
1339,42,7,4,25.3,desktop,0.16666666666666666,0.09523809523809523,control
1340,183,32,54,341.66,mobile,0.17486338797814208,0.29508196721311475,control
1341,318,35,100,200.78,mobile,0.11006289308176101,0.31446540880503143,control
1343,118,64,28,91.91,mobile,0.5423728813559322,0.23728813559322035,control
1344,162,14,35,113.53,mobile,0.08641975308641975,0.21604938271604937,control
1349,136,26,15,140.95000000000002,desktop,0.19117647058823528,0.11029411764705882,control
1350,163,60,60,146.34,mobile,0.36809815950920244,0.36809815950920244,control
1351,178,49,27,106.45,mobile,0.2752808988764045,0.15168539325842698,control
1355,143,51,29,76.85,mobile,0.35664335664335667,0.20279720279720279,control
1358,52,19,20,49.79,mobile,0.36538461538461536,0.38461538461538464,control
1361,46,25,12,34.26,mobile,0.5434782608695652,0.2608695652173913,control
1362,306,39,48,156.3,mobile,0.12745098039215685,0.1568627450980392,control
1370,177,62,48,82.54,mobile,0.3502824858757062,0.2711864406779661,control
1371,79,8,26,21.14,desktop,0.10126582278481013,0.3291139240506329,control
1372,137,47,8,291.37,mobile,0.34306569343065696,0.058394160583941604,control
1373,266,18,184,329.31,mobile,0.06766917293233082,0.6917293233082706,control
1374,167,21,57,84.26,mobile,0.12574850299401197,0.3413173652694611,control
1377,357,47,104,794.3,mobile,0.13165266106442577,0.2913165266106443,control
1378,66,25,37,51.39,mobile,0.3787878787878788,0.5606060606060606,control
1381,260,23,64,184.07999999999998,mobile,0.08846153846153847,0.24615384615384617,control
1382,219,50,82,343.56,mobile,0.228310502283105,0.3744292237442922,control
1383,205,37,73,290.0,mobile,0.18048780487804877,0.35609756097560974,control
1385,333,85,129,224.95,mobile,0.2552552552552553,0.38738738738738737,control
1389,304,44,122,934.5600000000001,mobile,0.14473684210526316,0.40131578947368424,control
1391,14,2,3,8.04,desktop,0.14285714285714285,0.21428571428571427,control
1395,298,10,92,129.45,mobile,0.03355704697986577,0.3087248322147651,control
1396,199,89,118,176.25,mobile,0.4472361809045226,0.592964824120603,control
1398,166,15,51,100.98,mobile,0.09036144578313253,0.3072289156626506,control
1401,55,15,34,21.22,desktop,0.2727272727272727,0.6181818181818182,control
1402,74,25,28,121.66999999999999,desktop,0.33783783783783783,0.3783783783783784,control
1404,308,48,27,545.87,mobile,0.15584415584415584,0.08766233766233766,control
1407,158,70,63,149.55,mobile,0.4430379746835443,0.3987341772151899,control
1410,28,0,1,10.58,mobile,0.0,0.03571428571428571,control
1416,19,1,0,5.79,desktop,0.05263157894736842,0.0,control
1418,145,10,56,91.99,mobile,0.06896551724137931,0.38620689655172413,control
1420,249,27,91,258.91999999999996,mobile,0.10843373493975904,0.3654618473895582,control
1422,80,6,34,44.21,desktop,0.075,0.425,control
1425,194,45,50,228.5,mobile,0.23195876288659795,0.25773195876288657,control
1430,294,38,186,475.44,mobile,0.1292517006802721,0.6326530612244898,control
1431,258,53,144,377.75,mobile,0.2054263565891473,0.5581395348837209,control
1432,140,19,64,142.59,mobile,0.1357142857142857,0.45714285714285713,control
1433,147,39,37,97.33,mobile,0.2653061224489796,0.25170068027210885,control
1436,135,15,54,311.52,mobile,0.1111111111111111,0.4,control
1441,53,14,22,28.58,desktop,0.2641509433962264,0.41509433962264153,control
1445,68,36,13,26.37,desktop,0.5294117647058824,0.19117647058823528,control
1446,37,5,16,46.5,mobile,0.13513513513513514,0.43243243243243246,control
1448,339,100,163,182.05,mobile,0.2949852507374631,0.4808259587020649,control
1449,221,97,103,197.44,mobile,0.43891402714932126,0.4660633484162896,control
1450,39,10,27,46.83,mobile,0.2564102564102564,0.6923076923076923,control
1452,103,27,45,74.18,mobile,0.2621359223300971,0.4368932038834951,control
1454,45,4,17,117.58,desktop,0.08888888888888889,0.37777777777777777,control
1458,20,8,2,9.17,mobile,0.4,0.1,control
1459,21,1,6,11.05,mobile,0.047619047619047616,0.2857142857142857,control
1460,134,21,22,50.41,mobile,0.15671641791044777,0.16417910447761194,control
1461,345,108,104,465.55999999999995,mobile,0.3130434782608696,0.30144927536231886,control
1466,403,31,82,384.39000000000004,mobile,0.07692307692307693,0.20347394540942929,control
1467,154,39,40,111.15,mobile,0.2532467532467532,0.2597402597402597,control
1469,26,10,22,36.48,mobile,0.38461538461538464,0.8461538461538461,control
1474,39,11,6,20.91,mobile,0.28205128205128205,0.15384615384615385,control
1477,47,14,7,33.26,mobile,0.2978723404255319,0.14893617021276595,control
1478,98,19,31,215.08,mobile,0.19387755102040816,0.3163265306122449,control
1479,155,50,69,185.43,mobile,0.3225806451612903,0.44516129032258067,control
1482,342,49,73,467.78999999999996,mobile,0.14327485380116958,0.2134502923976608,control
1483,149,0,24,59.85,desktop,0.0,0.1610738255033557,control
1484,372,72,139,435.90000000000003,mobile,0.1935483870967742,0.3736559139784946,control
1486,81,7,42,58.760000000000005,mobile,0.08641975308641975,0.5185185185185185,control
1488,247,46,186,237.81,mobile,0.1862348178137652,0.7530364372469636,control
1490,361,141,124,181.47,mobile,0.39058171745152354,0.34349030470914127,control
1491,342,15,72,172.34,mobile,0.043859649122807015,0.21052631578947367,control
1492,260,54,67,473.49,mobile,0.2076923076923077,0.25769230769230766,control
1495,217,37,91,151.46,mobile,0.17050691244239632,0.41935483870967744,control
1497,76,11,39,104.46,mobile,0.14473684210526316,0.5131578947368421,control
1500,12,5,2,13.71,mobile,0.4166666666666667,0.16666666666666666,control
1501,18,1,5,10.73,mobile,0.05555555555555555,0.2777777777777778,control
1502,79,21,24,33.21,desktop,0.26582278481012656,0.3037974683544304,control
1505,248,42,51,440.55,mobile,0.1693548387096774,0.2056451612903226,control
1507,171,85,55,181.72,mobile,0.49707602339181284,0.3216374269005848,control
1508,146,56,61,381.47,mobile,0.3835616438356164,0.4178082191780822,control
1509,195,34,55,127.72,mobile,0.17435897435897435,0.28205128205128205,control
1512,36,8,9,23.479999999999997,mobile,0.2222222222222222,0.25,control
1513,19,3,11,7.6,desktop,0.15789473684210525,0.5789473684210527,control
1515,133,22,37,73.91,desktop,0.16541353383458646,0.2781954887218045,control
1516,107,6,13,51.629999999999995,mobile,0.056074766355140186,0.12149532710280374,control
1517,371,113,58,249.15,mobile,0.3045822102425876,0.15633423180592992,control
1521,46,4,14,178.62,mobile,0.08695652173913043,0.30434782608695654,control
1522,246,50,73,377.22,mobile,0.2032520325203252,0.2967479674796748,control
1523,135,5,60,49.05,desktop,0.037037037037037035,0.4444444444444444,control
1526,38,21,17,36.15,mobile,0.5526315789473685,0.4473684210526316,control
1527,164,64,76,198.36,mobile,0.3902439024390244,0.4634146341463415,control
1528,57,11,17,39.32,mobile,0.19298245614035087,0.2982456140350877,control
1536,103,17,34,65.37,desktop,0.1650485436893204,0.3300970873786408,control
1537,93,35,31,108.4,mobile,0.3763440860215054,0.3333333333333333,control
1539,94,18,15,62.7,mobile,0.19148936170212766,0.1595744680851064,control
1542,173,56,77,435.31,mobile,0.3236994219653179,0.44508670520231214,control
1545,450,44,63,521.3,mobile,0.09777777777777778,0.14,control
1546,293,67,73,173.07999999999998,mobile,0.22866894197952217,0.24914675767918087,control
1548,47,9,6,13.71,desktop,0.19148936170212766,0.1276595744680851,control
1549,127,21,76,111.62,mobile,0.16535433070866143,0.5984251968503937,control
1551,276,31,38,129.03,mobile,0.11231884057971014,0.13768115942028986,control
1555,150,16,90,431.32,mobile,0.10666666666666667,0.6,control
1558,310,44,102,383.53000000000003,mobile,0.14193548387096774,0.32903225806451614,control
1560,376,25,95,209.12,mobile,0.06648936170212766,0.2526595744680851,control
1561,243,54,61,159.12,mobile,0.2222222222222222,0.25102880658436216,control
1563,125,30,40,80.86,mobile,0.24,0.32,control
1564,167,45,96,117.37,mobile,0.2694610778443114,0.5748502994011976,control
1565,258,46,42,118.6,mobile,0.17829457364341086,0.16279069767441862,control
1566,300,148,66,266.44,mobile,0.49333333333333335,0.22,control
1567,47,8,18,28.46,desktop,0.1702127659574468,0.3829787234042553,control
1569,325,197,188,258.17,mobile,0.6061538461538462,0.5784615384615385,control
1570,168,15,35,81.68,mobile,0.08928571428571429,0.20833333333333334,control
1572,272,82,123,399.16,mobile,0.3014705882352941,0.4522058823529412,control
1574,176,34,53,148.29,mobile,0.19318181818181818,0.30113636363636365,control
1577,189,7,43,82.61,mobile,0.037037037037037035,0.2275132275132275,control
1578,84,11,27,59.31,mobile,0.13095238095238096,0.32142857142857145,control
1579,237,45,74,152.5,mobile,0.189873417721519,0.31223628691983124,control
1580,25,1,20,33.0,mobile,0.04,0.8,control
1583,45,13,6,36.13,mobile,0.28888888888888886,0.13333333333333333,control
1584,268,73,76,269.32,mobile,0.27238805970149255,0.2835820895522388,control
1588,215,55,49,324.42,mobile,0.2558139534883721,0.22790697674418606,control
1590,309,32,65,484.41,mobile,0.10355987055016182,0.21035598705501618,control
1591,446,32,60,277.67,mobile,0.07174887892376682,0.13452914798206278,control
1596,134,15,19,474.07000000000005,mobile,0.11194029850746269,0.1417910447761194,control
1597,124,21,50,63.75,desktop,0.1693548387096774,0.4032258064516129,control
1598,35,7,17,27.74,desktop,0.2,0.4857142857142857,control
1602,241,66,76,169.74,mobile,0.27385892116182575,0.3153526970954357,control
1604,17,2,12,10.85,desktop,0.11764705882352941,0.7058823529411765,control
1605,13,4,7,14.64,mobile,0.3076923076923077,0.5384615384615384,control
1610,252,52,51,306.7,mobile,0.20634920634920634,0.20238095238095238,control
1612,229,64,54,332.98999999999995,mobile,0.2794759825327511,0.23580786026200873,control
1613,82,47,36,64.06,mobile,0.573170731707317,0.43902439024390244,control
1616,67,26,37,42.35,mobile,0.3880597014925373,0.5522388059701493,control
1617,194,49,35,111.17,mobile,0.25257731958762886,0.18041237113402062,control
1618,320,65,80,976.8900000000001,mobile,0.203125,0.25,control
1622,540,49,92,225.88,mobile,0.09074074074074075,0.17037037037037037,control
1625,331,132,62,313.12,mobile,0.3987915407854985,0.18731117824773413,control
1626,219,81,130,554.69,mobile,0.3698630136986301,0.593607305936073,control
1627,18,3,8,17.3,mobile,0.16666666666666666,0.4444444444444444,control
1628,22,6,1,9.23,desktop,0.2727272727272727,0.045454545454545456,control
1629,27,6,8,20.34,mobile,0.2222222222222222,0.2962962962962963,control
1630,135,27,46,80.53999999999999,mobile,0.2,0.34074074074074073,control
1631,107,27,69,94.63,mobile,0.2523364485981308,0.6448598130841121,control
1633,177,37,58,156.82,mobile,0.20903954802259886,0.327683615819209,control
1636,80,19,23,64.8,mobile,0.2375,0.2875,control
1637,307,53,75,181.32,desktop,0.17263843648208468,0.24429967426710097,control
1640,385,70,133,208.44,mobile,0.18181818181818182,0.34545454545454546,control
1643,91,15,19,52.11,mobile,0.16483516483516483,0.2087912087912088,control
1644,103,34,30,46.41,desktop,0.3300970873786408,0.2912621359223301,control
1648,183,45,62,108.78,mobile,0.2459016393442623,0.33879781420765026,control
1650,65,19,21,25.37,desktop,0.2923076923076923,0.3230769230769231,control
1651,80,9,11,213.98000000000002,mobile,0.1125,0.1375,control
1653,277,39,58,254.48,mobile,0.1407942238267148,0.20938628158844766,control
1654,104,11,37,59.519999999999996,desktop,0.10576923076923077,0.3557692307692308,control
1656,392,79,59,258.43,mobile,0.20153061224489796,0.15051020408163265,control
1659,170,31,99,366.8,mobile,0.18235294117647058,0.5823529411764706,control
1664,298,66,86,237.18,mobile,0.2214765100671141,0.28859060402684567,control
1666,209,15,66,95.24,mobile,0.07177033492822966,0.3157894736842105,control
1669,258,84,108,235.75,mobile,0.32558139534883723,0.4186046511627907,control
1674,97,31,38,66.08,mobile,0.31958762886597936,0.3917525773195876,control
1675,436,69,208,379.88,mobile,0.15825688073394495,0.47706422018348627,control
1677,53,2,1,23.09,mobile,0.03773584905660377,0.018867924528301886,control
1679,250,13,171,237.99,mobile,0.052,0.684,control
1681,73,15,18,44.2,mobile,0.2054794520547945,0.2465753424657534,control
1690,76,57,3,56.09,desktop,0.75,0.039473684210526314,control
1691,58,13,20,43.28,mobile,0.22413793103448276,0.3448275862068966,control
1692,25,4,19,27.64,mobile,0.16,0.76,control
1693,81,3,33,44.0,desktop,0.037037037037037035,0.4074074074074074,control
1694,311,161,272,267.13,mobile,0.5176848874598071,0.8745980707395499,control
1695,64,10,17,14.92,desktop,0.15625,0.265625,control
1697,34,8,8,20.21,desktop,0.23529411764705882,0.23529411764705882,control
1698,61,21,12,34.79,mobile,0.3442622950819672,0.19672131147540983,control
1699,199,66,50,111.56,mobile,0.3316582914572864,0.25125628140703515,control
1701,128,66,41,348.49,mobile,0.515625,0.3203125,control
1702,16,3,4,21.689999999999998,mobile,0.1875,0.25,control
1704,12,3,5,13.41,mobile,0.25,0.4166666666666667,control
1706,59,6,19,67.48,mobile,0.1016949152542373,0.3220338983050847,control
1708,426,87,103,288.0,mobile,0.20422535211267606,0.24178403755868544,control
1709,123,59,61,308.61,mobile,0.4796747967479675,0.4959349593495935,control
1712,420,40,83,244.64000000000001,mobile,0.09523809523809523,0.1976190476190476,control
1717,150,55,31,95.74,mobile,0.36666666666666664,0.20666666666666667,control
1718,462,81,72,357.7,mobile,0.17532467532467533,0.15584415584415584,control
1721,48,20,6,93.21000000000001,desktop,0.4166666666666667,0.125,control
1723,45,16,4,22.0,desktop,0.35555555555555557,0.08888888888888889,control
1724,365,140,110,278.52,mobile,0.3835616438356164,0.3013698630136986,control
1725,10,3,3,7.8,desktop,0.3,0.3,control
1729,194,48,69,138.94,mobile,0.24742268041237114,0.3556701030927835,control
1730,136,36,47,271.46000000000004,mobile,0.2647058823529412,0.34558823529411764,control
1732,118,65,44,164.66,mobile,0.5508474576271186,0.3728813559322034,control
1733,115,41,20,101.42,mobile,0.3565217391304348,0.17391304347826086,control
1734,55,18,6,19.42,desktop,0.32727272727272727,0.10909090909090909,control
1737,35,0,17,19.4,desktop,0.0,0.4857142857142857,control
1740,97,11,68,143.47,mobile,0.1134020618556701,0.7010309278350515,control
1741,325,36,40,161.53,mobile,0.11076923076923077,0.12307692307692308,control
1744,109,22,13,31.509999999999998,mobile,0.2018348623853211,0.11926605504587157,control
1747,113,54,43,137.91,mobile,0.4778761061946903,0.3805309734513274,control
1750,147,20,37,86.86,mobile,0.1360544217687075,0.25170068027210885,control
1751,366,34,48,157.18,mobile,0.09289617486338798,0.13114754098360656,control
1752,58,11,2,37.12,desktop,0.1896551724137931,0.034482758620689655,control
1754,326,53,73,358.13,mobile,0.16257668711656442,0.22392638036809817,control
1756,295,78,115,288.71,mobile,0.26440677966101694,0.3898305084745763,control
1763,187,36,74,143.67000000000002,mobile,0.1925133689839572,0.39572192513368987,control
1765,24,11,11,27.42,mobile,0.4583333333333333,0.4583333333333333,control
1768,356,83,89,199.7,mobile,0.23314606741573032,0.25,control
1770,98,20,72,104.46,mobile,0.20408163265306123,0.7346938775510204,control
1773,221,51,56,113.17,mobile,0.23076923076923078,0.25339366515837103,control
1776,252,41,172,521.5,mobile,0.1626984126984127,0.6825396825396826,control
1777,197,36,75,234.82999999999998,mobile,0.18274111675126903,0.38071065989847713,control
1778,197,33,41,293.72,mobile,0.16751269035532995,0.20812182741116753,control
1780,136,35,41,152.98,desktop,0.25735294117647056,0.3014705882352941,control
1781,103,9,24,321.75,mobile,0.08737864077669903,0.23300970873786409,control
1782,152,72,74,241.06,mobile,0.47368421052631576,0.4868421052631579,control
1783,130,40,38,100.32,mobile,0.3076923076923077,0.2923076923076923,control
1784,131,38,45,95.14,mobile,0.2900763358778626,0.3435114503816794,control
1786,252,83,133,282.28,mobile,0.32936507936507936,0.5277777777777778,control
1787,10,4,8,10.46,mobile,0.4,0.8,control
1789,367,75,63,302.96,mobile,0.20435967302452315,0.17166212534059946,control
1790,81,2,34,67.12,desktop,0.024691358024691357,0.41975308641975306,control
1794,41,6,9,19.77,desktop,0.14634146341463414,0.21951219512195122,control
1795,122,13,31,24.84,desktop,0.10655737704918032,0.2540983606557377,control
1796,107,35,21,53.09,mobile,0.32710280373831774,0.19626168224299065,control
1798,92,27,71,50.12,desktop,0.29347826086956524,0.7717391304347826,control
1799,70,5,7,49.489999999999995,desktop,0.07142857142857142,0.1,control
1800,351,30,124,280.62,mobile,0.08547008547008547,0.35327635327635326,control
1802,248,69,176,250.01999999999998,mobile,0.2782258064516129,0.7096774193548387,control
1803,271,79,62,141.78,mobile,0.2915129151291513,0.22878228782287824,control
1804,25,3,6,25.28,mobile,0.12,0.24,control
1806,69,13,13,39.4,mobile,0.18840579710144928,0.18840579710144928,control
1807,6,3,1,2.82,desktop,0.5,0.16666666666666666,control
1811,84,7,15,61.96,mobile,0.08333333333333333,0.17857142857142858,control
1812,190,48,76,259.42,mobile,0.25263157894736843,0.4,control
1816,258,90,192,342.96,mobile,0.3488372093023256,0.7441860465116279,control
1818,160,36,19,84.53,mobile,0.225,0.11875,control
1821,78,8,5,47.93,desktop,0.10256410256410256,0.0641025641025641,control
1824,149,38,51,134.62,mobile,0.2550335570469799,0.3422818791946309,control
1826,139,12,24,128.04,desktop,0.08633093525179857,0.17266187050359713,control
1827,257,52,71,184.06,mobile,0.20233463035019456,0.27626459143968873,control
1828,15,4,9,12.25,mobile,0.26666666666666666,0.6,control
1829,12,2,3,10.46,mobile,0.16666666666666666,0.25,control
1830,275,38,63,214.69,mobile,0.13818181818181818,0.2290909090909091,control
1832,190,114,61,180.28,mobile,0.6,0.32105263157894737,control
1834,32,3,7,27.3,mobile,0.09375,0.21875,control
1837,57,22,26,35.69,mobile,0.38596491228070173,0.45614035087719296,control
1838,316,76,149,231.97,mobile,0.24050632911392406,0.47151898734177217,control
1841,159,33,38,148.14,mobile,0.20754716981132076,0.2389937106918239,control
1846,37,7,1,19.58,desktop,0.1891891891891892,0.02702702702702703,control
1847,32,3,8,63.65,desktop,0.09375,0.25,control
1849,131,56,86,133.43,mobile,0.42748091603053434,0.6564885496183206,control
1856,260,25,30,533.79,mobile,0.09615384615384616,0.11538461538461539,control
1858,89,18,58,110.62,mobile,0.20224719101123595,0.651685393258427,control
1860,292,21,74,361.33000000000004,mobile,0.07191780821917808,0.2534246575342466,control
1864,130,20,49,78.52000000000001,mobile,0.15384615384615385,0.3769230769230769,control
1866,26,8,9,16.37,desktop,0.3076923076923077,0.34615384615384615,control
1868,98,11,75,52.46,desktop,0.11224489795918367,0.7653061224489796,control
1870,281,110,42,438.21,mobile,0.3914590747330961,0.1494661921708185,control
1871,196,16,32,117.3,mobile,0.08163265306122448,0.16326530612244897,control
1874,188,28,101,435.90999999999997,mobile,0.14893617021276595,0.5372340425531915,control
1876,418,76,105,262.09,mobile,0.18181818181818182,0.2511961722488038,control
1882,180,82,67,177.60999999999999,mobile,0.45555555555555555,0.37222222222222223,control
1884,16,3,12,10.370000000000001,desktop,0.1875,0.75,control
1887,310,12,33,283.63,mobile,0.03870967741935484,0.1064516129032258,control
1890,82,16,23,61.87,desktop,0.1951219512195122,0.2804878048780488,control
1893,189,34,35,99.88,mobile,0.17989417989417988,0.18518518518518517,control
1894,246,28,89,125.02,mobile,0.11382113821138211,0.3617886178861789,control
1895,127,28,57,91.11,mobile,0.2204724409448819,0.44881889763779526,control
1897,55,33,48,35.88,desktop,0.6,0.8727272727272727,control
1899,116,24,61,386.61,mobile,0.20689655172413793,0.5258620689655172,control
1900,160,71,79,401.71,mobile,0.44375,0.49375,control
1901,21,28,7,101.1,desktop,1.3333333333333333,0.3333333333333333,control
1905,38,6,8,22.35,mobile,0.15789473684210525,0.21052631578947367,control
1906,95,8,23,50.67,mobile,0.08421052631578947,0.24210526315789474,control
1908,10,9,2,11.7,mobile,0.9,0.2,control
1911,98,14,11,55.480000000000004,mobile,0.14285714285714285,0.11224489795918367,control
1912,228,24,106,219.31,mobile,0.10526315789473684,0.4649122807017544,control
1914,311,102,114,334.33,mobile,0.3279742765273312,0.3665594855305466,control
1915,100,22,64,71.65,mobile,0.22,0.64,control
1916,19,10,13,29.060000000000002,mobile,0.5263157894736842,0.6842105263157895,control
1918,295,42,70,212.24,mobile,0.1423728813559322,0.23728813559322035,control
1919,176,40,57,113.31,mobile,0.22727272727272727,0.32386363636363635,control
1922,141,19,46,90.1,mobile,0.1347517730496454,0.3262411347517731,control
1925,198,17,52,53.66,desktop,0.08585858585858586,0.26262626262626265,control
1929,2,2,3,2.67,desktop,1.0,1.5,control
1930,393,33,72,723.26,mobile,0.08396946564885496,0.183206106870229,control
1931,284,40,163,242.24,mobile,0.14084507042253522,0.573943661971831,control
1932,350,57,37,198.6,mobile,0.16285714285714287,0.10571428571428572,control
1933,157,37,53,124.95,mobile,0.2356687898089172,0.3375796178343949,control
1934,433,78,125,289.98,mobile,0.18013856812933027,0.28868360277136257,control
1940,63,13,22,153.34,desktop,0.20634920634920634,0.3492063492063492,control
1943,133,25,94,71.19,mobile,0.18796992481203006,0.706766917293233,control
1944,5,6,18,10.43,mobile,1.2,3.6,control
1953,34,12,8,28.04,mobile,0.35294117647058826,0.23529411764705882,control
1956,312,91,75,178.3,mobile,0.2916666666666667,0.2403846153846154,control
1957,321,60,65,632.55,mobile,0.18691588785046728,0.20249221183800623,control
1962,266,69,98,234.52,mobile,0.2593984962406015,0.3684210526315789,control
1963,238,17,54,106.1,mobile,0.07142857142857142,0.226890756302521,control
1964,34,6,10,26.740000000000002,mobile,0.17647058823529413,0.29411764705882354,control
1968,78,27,29,84.54,mobile,0.34615384615384615,0.3717948717948718,control
1969,88,34,8,74.15,desktop,0.38636363636363635,0.09090909090909091,control
1970,15,2,3,9.93,desktop,0.13333333333333333,0.2,control
1975,84,20,24,54.38,mobile,0.23809523809523808,0.2857142857142857,control
1976,218,57,103,171.83,mobile,0.26146788990825687,0.4724770642201835,control
1977,40,7,14,37.39,mobile,0.175,0.35,control
1978,50,6,17,32.44,mobile,0.12,0.34,control
1980,12,1,3,7.91,desktop,0.08333333333333333,0.25,control
1981,150,22,17,74.36,mobile,0.14666666666666667,0.11333333333333333,control
1982,117,55,80,103.18,mobile,0.4700854700854701,0.6837606837606838,control
1983,301,47,73,668.4399999999999,mobile,0.15614617940199335,0.2425249169435216,control
1984,61,4,26,101.76,desktop,0.06557377049180328,0.4262295081967213,control
1987,436,123,96,545.8,mobile,0.28211009174311924,0.22018348623853212,control
1988,170,93,77,140.94,mobile,0.5470588235294118,0.45294117647058824,control
1990,255,50,164,401.12,mobile,0.19607843137254902,0.6431372549019608,control
1993,90,28,28,31.46,desktop,0.3111111111111111,0.3111111111111111,control
1994,23,3,4,24.64,mobile,0.13043478260869565,0.17391304347826086,control
1995,377,61,75,158.09,mobile,0.16180371352785147,0.1989389920424403,control
1996,409,36,94,236.64,mobile,0.08801955990220049,0.22982885085574573,control
1997,156,30,19,50.91,desktop,0.19230769230769232,0.12179487179487179,control
1999,233,103,120,241.65,mobile,0.44206008583690987,0.5150214592274678,control
0,140,25,43,105.00999999999999,mobile,0.2008706412385197,0.24199321265400353,test
3,317,46,82,179.74,mobile,0.1619877198821995,0.20320320752728407,test
4,37,2,3,16.48,desktop,0.06369536894941204,0.061506323184361604,test
6,58,1,6,20.6,desktop,0.020359523084209446,0.08092278633688416,test
7,118,8,42,215.86,mobile,0.07881781984964946,0.25094519744863447,test
11,171,90,82,116.95,mobile,0.6107428228039696,0.35871767398708554,test
15,33,1,29,21.07,desktop,0.03601727849428762,0.7017409750093055,test
18,236,90,112,342.32,mobile,0.4484409203834612,0.3794490685881891,test
19,86,15,63,93.12,mobile,0.19501927423502172,0.5498552484303474,test
20,68,36,25,83.09,mobile,0.5903030814428563,0.27960321777327474,test
21,178,2,36,197.93,desktop,0.01284907794510557,0.15989621105566545,test
22,170,53,90,138.19,mobile,0.35495261487673807,0.39921845001439005,test
23,43,12,15,44.95,mobile,0.3230430661341697,0.26608112773631076,test
24,377,37,100,437.02000000000004,mobile,0.10939134103312877,0.1955972972473264,test
29,25,9,7,19.78,desktop,0.4207173486733856,0.19708766286759727,test
37,7,2,1,1.95,desktop,0.3276801144303208,0.11188626484071543,test
38,121,19,23,274.87,mobile,0.18167767256665562,0.1339797768293474,test
39,349,56,116,496.69,mobile,0.18686511656993465,0.2461074391884071,test
40,64,12,31,123.71,desktop,0.21981263707661908,0.37364554750656404,test
44,172,27,55,118.3,mobile,0.18335936658107452,0.22607557531357633,test
47,23,12,11,22.15,mobile,0.5833521985775891,0.3415399411904813,test
48,285,13,63,116.16,mobile,0.05071440711770317,0.1653952174823013,test
49,28,23,21,25.77,desktop,0.9235103253474659,0.5383089388520885,test
51,136,34,33,289.71999999999997,mobile,0.2752045854030358,0.1864962098483376,test
52,259,39,124,564.25,mobile,0.17105894649063402,0.3490777713831956,test
53,264,30,71,141.63,mobile,0.12665956528757008,0.2020309639630024,test
57,41,5,14,12.01,desktop,0.14076491532965052,0.24231492532211862,test
58,55,49,8,37.47,desktop,1.056360124453915,0.10641957108819328,test
59,208,61,64,357.83000000000004,mobile,0.32846776059599875,0.23026506874643266,test
60,365,53,48,645.37,mobile,0.16168097898936035,0.09933812484150172,test
61,337,87,121,448.95,mobile,0.28949039755977274,0.2808731043353017,test
62,27,6,8,258.94,mobile,0.2660701256409547,0.23537210753854115,test
63,294,51,36,379.42,mobile,0.2057057207935523,0.09152873396203477,test
64,61,17,12,46.94,mobile,0.32143336143026846,0.1556845598639308,test
66,94,2,25,77.14,desktop,0.024328635299976857,0.1902808700162078,test
69,200,93,57,188.64,mobile,0.5202044543424474,0.20253231115583392,test
71,113,24,23,39.22,desktop,0.23975099426454832,0.1589485694081574,test
72,123,11,48,101.6,desktop,0.10398279726990695,0.30544610137230044,test
73,348,97,102,488.91,mobile,0.31652398549914823,0.23268387991072226,test
75,309,43,165,505.04,mobile,0.16322543133268036,0.4214650673688093,test
76,123,13,66,81.0,mobile,0.12214703010771155,0.3835090710664078,test
79,141,3,31,84.89,desktop,0.025409340325792867,0.17012836074537765,test
81,229,54,57,913.39,mobile,0.2630093730057506,0.19842792932545125,test
82,9,2,8,11.46,mobile,0.2643605687308001,0.7002766006968705,test
84,123,48,47,144.84,mobile,0.4362159871593071,0.2710083622065308,test
85,44,8,6,34.76,mobile,0.2108047730523216,0.10305602875841209,test
90,30,1,6,19.33,desktop,0.03680876542590357,0.14443377007510227,test
91,273,93,90,160.54,mobile,0.3969836340319582,0.2414641605740434,test
93,360,103,75,349.12,mobile,0.32521447602607373,0.15331171955649187,test
94,473,63,69,275.85,mobile,0.15710801176666284,0.11596182345447568,test
95,299,56,60,393.77,mobile,0.2062243460256624,0.1450698602961533,test
100,92,17,6,42.04,desktop,0.2121355539802623,0.04753820302446039,test
101,115,69,100,315.7,mobile,0.6658086078382728,0.6164639501403237,test
105,305,110,75,252.87,mobile,0.40134033569968547,0.1858992400705792,test
106,208,61,57,409.75,mobile,0.3466214791751401,0.2119952359539773,test
107,106,18,35,63.86,mobile,0.19703862652516227,0.25539363726941167,test
108,127,41,15,76.42,mobile,0.3862999405813547,0.08347661935689982,test
113,302,138,126,657.95,mobile,0.5343250686279758,0.33312981642208883,test
115,102,24,28,92.24,mobile,0.2817754845774804,0.20948199600187647,test
116,337,65,79,216.67,mobile,0.22214370563321567,0.17482203728720405,test
117,21,8,16,29.799999999999997,desktop,0.4390428440337634,0.5924379495235553,test
119,157,36,78,151.45,mobile,0.25493372194658315,0.371759896922393,test
120,358,24,113,240.92000000000002,mobile,0.0759673836110384,0.22693759581074896,test
123,181,17,37,55.07,desktop,0.10587352451443151,0.1564067589602499,test
124,316,130,104,480.01,mobile,0.4883170597789765,0.2495175765768634,test
125,336,114,67,205.26,mobile,0.376162624179545,0.1454292852434804,test
127,269,25,60,156.35,mobile,0.10667770965873667,0.17501557057671877,test
128,85,28,60,147.69,desktop,0.38995072398222114,0.5086202454192609,test
131,58,13,26,43.33,mobile,0.25797800681716676,0.335761272342212,test
133,248,58,74,452.15999999999997,mobile,0.25838873667795326,0.21191137538423757,test
134,312,82,110,197.7,mobile,0.3052202204048996,0.25248962155715693,test
135,161,36,85,377.71999999999997,mobile,0.25509289695219883,0.4058196877038027,test
140,473,134,55,717.1,mobile,0.3318163792524157,0.08410944316874695,test
143,347,49,89,244.7,mobile,0.15658230382220528,0.19751688324290353,test
144,218,35,133,431.71,mobile,0.18273602998929842,0.4516483894970089,test
146,56,4,8,26.560000000000002,mobile,0.07874210590096745,0.1029724786381518,test
147,273,69,50,794.3,mobile,0.2877604487129796,0.13173080947041832,test
149,162,25,25,105.28,mobile,0.17194612444506138,0.11991998555210974,test
150,46,8,11,348.31,mobile,0.19517517460820946,0.1905024416933368,test
152,97,26,96,26.509999999999998,desktop,0.3161228207101492,0.786692382981148,test
155,251,25,71,160.31,mobile,0.11671398380316655,0.21782126862882195,test
157,58,21,32,81.56,mobile,0.4157892277571085,0.4007901751371204,test
158,38,4,10,28.25,mobile,0.12610768929930422,0.19408992774426642,test
159,116,19,32,71.75,mobile,0.19264222300587489,0.20768241928209072,test
162,268,24,164,251.4,mobile,0.09932069393471123,0.4725658268055418,test
163,240,44,149,222.58,mobile,0.2115171105594286,0.4937499404609664,test
165,151,61,36,98.19,mobile,0.47175760011535967,0.1884153270822839,test
166,334,150,63,224.87,mobile,0.5272536196538693,0.14426859568720732,test
168,15,1,0,7.21,desktop,0.0775170439011184,0.0,test
169,88,17,18,87.68,mobile,0.2295634370914098,0.15373071994434598,test
170,27,3,5,8.79,mobile,0.13110956083372602,0.14010302680799197,test
171,9,4,4,6.2,desktop,0.5135085683826122,0.3259957556446778,test
174,435,39,101,637.58,mobile,0.10642536610804376,0.17973699988124703,test
175,4,1,6,2.22,desktop,0.2852301170493201,1.1185594050127885,test
176,221,63,41,122.75,mobile,0.3154908037915621,0.13042378214703698,test
182,285,33,81,139.67,mobile,0.12900277291712695,0.20376081967608933,test
185,250,15,82,188.17000000000002,mobile,0.07198491756695861,0.23486057842504643,test
187,301,80,119,443.5,mobile,0.2975919007311957,0.2876356377843329,test
189,209,54,70,220.95,mobile,0.30715108598138646,0.23691416383625127,test
190,13,5,9,4.43,desktop,0.447994105977112,0.4960892061090696,test
191,182,78,93,178.47,mobile,0.4726161170484642,0.39038619083166404,test
193,162,45,37,219.99,mobile,0.32325407037582377,0.17972481262456233,test
195,234,70,40,121.47,mobile,0.35529211794435633,0.1254018005771087,test
197,130,7,27,71.74,mobile,0.060122671838728686,0.15044781047007896,test
199,94,9,39,252.23,mobile,0.1075581925231847,0.3215848644112434,test
202,4,2,1,3.88,desktop,0.5630562757235874,0.19083382409745514,test
204,243,92,70,510.33000000000004,mobile,0.42867770100641084,0.2205521280412464,test
205,31,25,32,30.94,desktop,0.9479452395450854,0.7451119254589601,test
206,33,26,15,48.11,desktop,0.8733261130233477,0.3604423442182656,test
207,117,16,34,58.42,mobile,0.16397689950381217,0.22860851375255986,test
209,4,1,0,3.6,desktop,0.2787241627503356,0.0,test
210,279,63,91,405.75,mobile,0.2681531539839971,0.23132219894778677,test
212,200,56,107,165.87,mobile,0.3090995205366549,0.376570707012415,test
213,121,63,23,104.91,mobile,0.5785867320181767,0.1472397048594557,test
215,258,90,52,395.70000000000005,mobile,0.39386669929671536,0.16017835742682646,test
220,151,24,38,109.39,mobile,0.18918664373779273,0.19212489329077212,test
223,13,5,14,22.78,mobile,0.45847396561833603,0.7732187032051419,test
225,273,35,110,402.83,mobile,0.14128531773032096,0.30602698592396504,test
226,189,9,51,563.59,mobile,0.056009276519189875,0.19563811699299746,test
229,217,60,73,468.40000000000003,mobile,0.31289514085993037,0.23897614085023766,test
235,13,4,8,12.34,mobile,0.35136008708804156,0.43749636676136155,test
236,324,46,88,667.74,mobile,0.16423442609756156,0.21233767773121273,test
239,2,0,9,8.469999999999999,desktop,0.0,3.1952411376384764,test
240,119,40,46,97.22,mobile,0.37080323915884406,0.30608104607951725,test
241,102,32,65,119.11,mobile,0.3453414783479327,0.44684543318223413,test
244,12,2,5,4.0200000000000005,desktop,0.19578517801871126,0.32560567680605723,test
248,172,40,46,254.35000000000002,mobile,0.27832275723121247,0.19198687504325182,test
250,72,48,33,93.06,mobile,0.7526732942987195,0.33146744348667584,test
251,182,19,79,447.57,mobile,0.1246706160258863,0.34037266547216877,test
254,35,15,11,32.23,desktop,0.4967626391736951,0.239922951695775,test
257,263,57,97,454.8,mobile,0.24133756462894937,0.2636842145129812,test
258,444,68,104,326.78,mobile,0.16981870020653922,0.16416824261736307,test
259,142,43,30,115.98,desktop,0.35216050091947687,0.15120970566331082,test
262,27,6,9,18.64,desktop,0.2556585674568234,0.2532823813899918,test
264,327,56,158,237.1,mobile,0.19732395419641238,0.3478242949388199,test
271,92,27,8,85.26,mobile,0.34126936292032206,0.061954405646192895,test
276,108,17,41,80.66,mobile,0.17669632213224204,0.2797456143293299,test
278,57,14,11,26.59,mobile,0.27660778113132306,0.14177889888030334,test
280,246,49,126,514.05,mobile,0.23030943911854534,0.3686228188148795,test
282,271,62,123,247.15,mobile,0.26061722929879816,0.3265932855533443,test
285,18,2,0,7.49,desktop,0.13008897301775663,0.0,test
288,45,6,6,45.489999999999995,mobile,0.14951390321337643,0.10510037438851032,test
289,190,7,63,137.76,mobile,0.041577981151219925,0.2551815070191753,test
290,16,2,18,7.84,desktop,0.14809598328124007,0.8434780041759418,test
291,10,0,5,10.3,desktop,0.0,0.35562964254520546,test
292,184,39,37,118.92,mobile,0.23472893207192236,0.15435556808654483,test
294,105,2,31,47.16,desktop,0.02259051696727686,0.21265236948647187,test
296,164,24,73,129.67,mobile,0.16712625955932733,0.3291910971089703,test
298,593,59,90,244.47,mobile,0.11466616436729603,0.12077347577148427,test
299,174,5,67,69.51,desktop,0.03348190296770517,0.27614467668590176,test
300,68,4,16,77.65,desktop,0.0668884756232339,0.18159401158802219,test
302,66,11,6,46.3,mobile,0.19976879659818036,0.06817923648635996,test
304,120,24,34,242.14000000000001,mobile,0.22554647270499872,0.21865589633782323,test
308,328,56,52,163.95,mobile,0.19943816456064906,0.11966396272627061,test
310,119,30,15,79.25,mobile,0.2910557291931295,0.09798504492050872,test
311,31,5,12,15.78,desktop,0.1859212103212286,0.29615085920466183,test
313,182,32,37,133.0,mobile,0.19354241560274413,0.14804095003644624,test
314,38,2,8,37.99,mobile,0.06188193402346509,0.1549772350301982,test
318,45,29,22,47.51,desktop,0.7218818253513871,0.3604410441474867,test
319,237,82,93,191.04,mobile,0.4062069031738539,0.31304218532511763,test
320,293,66,91,420.09,mobile,0.250366487429566,0.23592423335047424,test
321,214,8,84,101.14,mobile,0.04278812179201166,0.30655901759757953,test
322,203,59,32,200.44,mobile,0.32779738226354865,0.12074527274465204,test
325,175,48,54,191.84,mobile,0.307485864134191,0.2334873982269566,test
330,295,75,91,325.91,mobile,0.2889434518838301,0.2161551046352289,test
332,163,16,32,64.03,desktop,0.11578684347637873,0.15258901421308668,test
333,51,3,19,75.5,desktop,0.06523398133127883,0.27185227998754474,test
334,31,3,45,16.13,desktop,0.11284773825017382,1.145933867115097,test
335,51,7,12,24.1,desktop,0.1540409090334949,0.18799395330837337,test
336,282,41,88,393.12,mobile,0.16662924243345603,0.23399544663490493,test
340,139,19,25,90.44,mobile,0.15884243812160062,0.13688854337755413,test
344,230,58,62,388.65,mobile,0.28142635957564144,0.19628780035209648,test
345,132,59,32,80.31,mobile,0.5331680574039984,0.18293098670891358,test
347,47,38,37,30.13,desktop,0.9419345714776747,0.560044819085184,test
352,78,15,33,64.3,mobile,0.22236252658126174,0.3239649717090723,test
353,46,12,16,93.54999999999998,desktop,0.3009433043636229,0.25780628405831535,test
354,100,15,33,36.77,desktop,0.1760849409674681,0.2608438907980545,test
355,402,115,84,427.29,mobile,0.3416341155312912,0.15819981366755778,test
362,209,50,41,133.87,mobile,0.26960686242067455,0.15060265714243362,test
364,211,43,109,126.62,mobile,0.2252441302104524,0.38153247399509294,test
366,134,17,41,95.52000000000001,mobile,0.14172072217050846,0.21715060701612118,test
369,228,23,66,89.72,desktop,0.11594719400385088,0.22435814323795625,test
370,95,1,5,35.48,desktop,0.012327792109259697,0.039005816796361656,test
372,66,7,32,76.75,desktop,0.1221480190341486,0.38031687248338825,test
373,194,37,66,181.53,mobile,0.21408368521874802,0.2716685820690046,test
374,84,23,16,61.07,desktop,0.30749091811288964,0.13363215861921648,test
375,22,19,7,19.35,mobile,1.0323995049044477,0.24973094166186527,test
377,63,18,14,88.83,desktop,0.3238855888638507,0.16688428069850988,test
378,61,21,30,50.91,mobile,0.4021078287219273,0.39086723144982805,test
380,91,13,41,69.53,desktop,0.16763179857325697,0.3465727100734575,test
382,100,23,70,124.12,mobile,0.261858507327247,0.5040002867668917,test
385,335,45,29,154.53,mobile,0.15488053922161954,0.06381221179266583,test
386,321,85,75,521.02,mobile,0.2942802172762869,0.1656888730868706,test
387,47,5,13,113.76,desktop,0.12184404727409333,0.19712038452439773,test
388,190,36,72,163.4,mobile,0.2093926171609407,0.291198529875791,test
391,91,37,43,76.61,mobile,0.46346542755660414,0.3634424385654386,test
392,366,51,46,608.9399999999999,mobile,0.16599759095596722,0.09902911350548095,test
396,101,35,28,53.94,mobile,0.39681585069787634,0.19451111040681368,test
403,395,92,101,443.32,mobile,0.2577562774083624,0.19420538812518573,test
406,63,14,7,43.79,mobile,0.26664554559090503,0.08322490189143796,test
408,98,14,15,54.67,mobile,0.1714214851844854,0.1100505694533728,test
410,191,15,43,132.91,mobile,0.08903958557336905,0.1604143012299608,test
416,345,26,36,334.07,mobile,0.08491559482861093,0.0826915693242023,test
417,246,71,93,396.7,mobile,0.3312890980574522,0.2840455820490103,test
419,344,42,125,761.79,mobile,0.13676053076759992,0.2627251259581776,test
423,26,8,13,23.78,mobile,0.36113594851904474,0.3661198768293903,test
424,106,20,26,106.05,desktop,0.2108882087750344,0.19120553274424162,test
426,166,29,81,140.03,mobile,0.19482490314883527,0.3796984335616629,test
427,239,98,63,246.73,mobile,0.4655279758195439,0.21031630108684757,test
429,60,2,12,22.18,desktop,0.03799669414526927,0.14204455222195642,test
430,195,2,17,368.45,desktop,0.012237694430567568,0.06474098872931933,test
432,217,39,99,470.61,mobile,0.2074579407173642,0.3294589206026982,test
440,60,15,4,79.48,desktop,0.2863531733240676,0.04677336074928409,test
442,239,13,59,122.45,mobile,0.06262810443998432,0.1892249235940145,test
446,172,13,44,91.72,mobile,0.09018073585709055,0.20056315724306226,test
449,49,3,18,87.42,desktop,0.06765257323657187,0.27561548346732134,test
450,313,70,85,179.18,mobile,0.2654817709481372,0.20886616401705815,test
452,292,96,109,352.75,mobile,0.37159253002918446,0.2966455853117587,test
455,102,21,59,85.00999999999999,mobile,0.23807595207678695,0.4391643081385828,test
457,41,9,30,38.07,mobile,0.25491471677431937,0.5424516149124273,test
458,40,13,6,24.41,desktop,0.36416552641123634,0.11007671006580794,test
462,71,38,9,79.45,mobile,0.5888062572284604,0.09443312483842216,test
463,19,5,4,11.11,mobile,0.2996489165067433,0.1558943963020303,test
466,58,12,22,43.08,mobile,0.2317274693863604,0.2871866676259338,test
467,104,16,34,104.91,mobile,0.17430809148826382,0.23983105428165247,test
468,234,45,68,177.84,mobile,0.22595565559253514,0.22579562114479118,test
470,34,24,39,39.0,desktop,0.809732919993262,0.8471791041806918,test
473,286,23,88,479.18,mobile,0.09138502009259124,0.23778718124731024,test
475,129,32,23,92.04,mobile,0.2971229028220575,0.13791484001910048,test
478,257,113,55,462.68,mobile,0.5053762541905609,0.16267370914200613,test
480,224,48,140,247.06,mobile,0.25344679744546683,0.444606197896635,test
482,271,47,80,227.58,mobile,0.19550379614860872,0.23540216289768856,test
485,466,85,105,219.35999999999999,mobile,0.21688643770206875,0.17645635483476582,test
486,12,7,20,15.74,desktop,0.6580488567676946,1.311850070989983,test
487,204,45,88,226.73000000000002,mobile,0.24885764999605545,0.3427919735397203,test
492,112,34,20,99.79,mobile,0.34925427893164596,0.13236114094849039,test
494,358,124,87,239.24,mobile,0.39619804839049255,0.1732041239673431,test
495,344,38,196,236.75,mobile,0.12637053099491036,0.4371162952980735,test
496,328,59,141,448.65,mobile,0.20774162343619532,0.33421467154311146,test
499,47,7,13,46.79,mobile,0.17844394296224153,0.21220760081796647,test
500,212,41,23,145.04,mobile,0.22571196931248774,0.08538190227311507,test
501,233,10,91,335.03000000000003,mobile,0.04804285908349391,0.2825779535041381,test
503,290,68,113,198.63,mobile,0.2662924146363831,0.28840398181666366,test
506,103,18,60,89.12,mobile,0.19951023113744196,0.4545719917156846,test
508,429,41,131,177.53,mobile,0.11342455276036473,0.24055789566135802,test
512,78,17,31,45.980000000000004,mobile,0.25144616212919507,0.29932799181662795,test
513,179,69,66,1017.91,mobile,0.4321463619387832,0.2656525684488408,test
514,42,4,7,25.44,desktop,0.11175717119846705,0.13152005482932627,test
515,18,14,13,17.06,desktop,0.9255064527357956,0.5225126479250513,test
516,105,31,8,60.86,mobile,0.35292830883503434,0.05797113120515267,test
519,4,1,2,1.9,desktop,0.28729137401612526,0.3891940806281811,test
521,297,41,135,194.63,mobile,0.15551755528998126,0.3369851266862019,test
524,98,12,11,66.23,mobile,0.14236734821346617,0.08935674625974896,test
526,457,112,195,326.31,mobile,0.28646402052977904,0.3104800986545159,test
532,213,58,11,324.88,mobile,0.3040681914975185,0.037663956554743194,test
533,204,36,12,184.07,mobile,0.20628312268003515,0.04647145020323995,test
535,65,22,25,46.64,mobile,0.39466525582538164,0.283190327795748,test
536,73,16,10,38.37,mobile,0.24609144084183684,0.102407208826579,test
538,176,47,44,121.81,mobile,0.3095460161402127,0.17786177647276283,test
541,162,45,60,117.36,mobile,0.3175842235246483,0.2893109119508087,test
542,222,130,75,221.16,mobile,0.6598217083528242,0.23947693587337324,test
543,401,68,68,238.67,mobile,0.19897602083442584,0.12558774230371822,test
545,391,65,121,436.84999999999997,mobile,0.18679272061671223,0.24535956969455755,test
546,98,13,27,59.11,desktop,0.15231191468234093,0.21083346061113847,test
547,257,33,65,168.62,mobile,0.15321275450263847,0.19647014957975964,test
549,165,23,62,91.07000000000001,mobile,0.16620862251943547,0.2981334492503411,test
550,9,1,3,13.1,mobile,0.13130963149548236,0.2658112793511843,test
552,172,39,40,353.57,mobile,0.25887170087062183,0.18437314142366432,test
553,216,70,64,143.82999999999998,mobile,0.37482567485968166,0.23155105003071366,test
554,168,47,68,317.65999999999997,mobile,0.32669386129730726,0.30339774768012323,test
556,155,4,39,55.97,desktop,0.02973790146506751,0.19865632365332855,test
557,42,27,22,28.009999999999998,desktop,0.7319514184882785,0.3667006899539789,test
559,271,44,52,144.65,mobile,0.18196209681353961,0.13511508720345994,test
561,161,24,46,107.96000000000001,mobile,0.17652656845427517,0.22700842429590126,test
564,136,6,38,79.9,mobile,0.052789009317034605,0.211868532942034,test
566,109,28,39,95.99,mobile,0.2836737951527128,0.2739927396943486,test
567,447,51,55,453.38,mobile,0.12861236430304618,0.09052301620144573,test
568,348,44,108,215.32,mobile,0.1476179660410725,0.22712584565920602,test
569,14,4,1,11.37,mobile,0.3263745147376451,0.05419645637972115,test
572,59,10,8,44.34,mobile,0.20235789339659874,0.1053071798929007,test
577,110,24,36,97.49,mobile,0.25344495463794225,0.2496918508869741,test
579,71,9,35,73.2,mobile,0.14609714622899317,0.3702600821071921,test
580,277,97,105,420.31,mobile,0.38971913748416165,0.2694700954737396,test
581,332,75,137,615.4,mobile,0.26588320810736127,0.29701870530877905,test
582,43,11,15,42.93,mobile,0.29127827811280865,0.27317617451318726,test
583,277,44,101,560.73,mobile,0.1766232507878545,0.2828319873442747,test
584,119,36,49,102.72,mobile,0.3339104176167272,0.29374011271549283,test
585,70,5,16,42.64,mobile,0.08225654682282092,0.17429292207121513,test
586,37,6,14,27.67,desktop,0.18731646381877293,0.2918442360309866,test
587,64,8,6,16.65,desktop,0.1459061379118655,0.06988180141836137,test
588,73,2,4,31.06,desktop,0.03227752043965356,0.04250499857406053,test
589,91,15,55,72.17,desktop,0.18825877981914116,0.46505217145376837,test
591,160,96,58,176.02,mobile,0.6960324737652277,0.2606813354570591,test
592,114,49,7,167.54,desktop,0.48885400557080766,0.0489768346196048,test
598,35,12,10,50.37,desktop,0.38053239735027933,0.22317322392083216,test
600,23,5,8,15.620000000000001,desktop,0.2589315009444879,0.25664749141145876,test
601,239,29,66,360.89,mobile,0.1407492590022445,0.20032079721848145,test
604,57,12,70,107.11999999999999,desktop,0.24339419512791036,0.9675758108275092,test
605,92,32,28,106.62,mobile,0.41235745999936435,0.2132786232278435,test
606,225,5,21,100.86,mobile,0.02569136851065009,0.067210168539481,test
607,215,98,47,168.48000000000002,mobile,0.5397713079960814,0.15405339027349077,test
609,449,67,154,300.17,mobile,0.17548560179155476,0.27336901881720355,test
614,293,39,58,216.27,mobile,0.1555269605126222,0.1506956894054455,test
617,342,169,70,258.83,mobile,0.5622337497333187,0.14971228571690365,test
621,226,41,100,151.4,mobile,0.2029052773011641,0.32268644966700477,test
622,327,73,40,712.03,mobile,0.2586364443259178,0.09546409883206594,test
624,336,61,120,695.0899999999999,mobile,0.2050660486933419,0.25549902287071147,test
625,268,69,79,397.18,mobile,0.29579103316093563,0.2125176387517977,test
626,252,57,98,141.53,mobile,0.2581337108642016,0.29452120073236504,test
627,409,45,96,214.16,mobile,0.12473976433271405,0.181986508386501,test
628,174,20,32,53.7,desktop,0.13507191394993714,0.12905681187816478,test
631,29,11,15,20.64,mobile,0.44152943930829675,0.398334727761718,test
632,243,16,36,93.14,mobile,0.07470766038562868,0.11504432942042835,test
638,56,24,12,38.14,mobile,0.4770114525097309,0.16154457626761734,test
640,83,6,22,172.21,desktop,0.08646250362871719,0.19813012359026347,test
642,218,39,59,391.65,mobile,0.20971062854705927,0.21226531793917805,test
643,249,50,80,147.13,mobile,0.22767004789150272,0.23521675737006248,test
646,321,37,115,132.8,mobile,0.13794438500301964,0.25493228006056495,test
647,194,8,63,112.94,mobile,0.04602888482577789,0.25803244866455005,test
648,189,39,62,169.83,mobile,0.23842759339437788,0.246463474983745,test
653,26,12,11,19.09,mobile,0.5232297438007144,0.29840778391144773,test
654,338,46,42,460.71,mobile,0.1623444442212289,0.09694495068522371,test
660,173,114,40,132.93,mobile,0.7807525510135331,0.18085691426531533,test
661,167,70,61,166.75,mobile,0.47149846507076437,0.27373448919549664,test
664,78,9,23,35.2,desktop,0.1373821253694547,0.23308405107695807,test
665,58,19,15,39.2,desktop,0.3842159097676023,0.20135184799266026,test
666,100,16,11,79.08,mobile,0.19059308200759123,0.08502992093294161,test
668,98,11,19,61.47,desktop,0.1336638214219545,0.15266263606216623,test
670,19,1,17,12.39,desktop,0.06202732190436636,0.6905094444528906,test
671,135,14,21,54.6,mobile,0.11889580549271357,0.12033478523892281,test
672,139,21,41,72.73,desktop,0.17818608053709628,0.2080345256770705,test
673,295,55,96,226.08,mobile,0.2131004239052824,0.23696530573284533,test
674,193,95,52,460.5,mobile,0.5856026313874387,0.20815524036599853,test
675,128,28,20,76.92,mobile,0.24765405114520514,0.12348742129346225,test
676,32,34,29,35.07,desktop,1.2069081565676036,0.6627625411783304,test
679,23,5,10,25.15,mobile,0.24832685102615207,0.31237497077657334,test
683,27,7,12,295.03000000000003,mobile,0.2942036406596972,0.3316269267128496,test
685,94,51,53,132.6,mobile,0.6427950451716165,0.44268830945919196,test
687,36,7,15,42.71,mobile,0.22804118066243337,0.29228512697701853,test
692,465,123,94,243.73,mobile,0.30771484933942694,0.150922470259692,test
693,449,120,222,256.11,mobile,0.30066597012850343,0.3474619678917421,test
700,84,3,23,62.629999999999995,mobile,0.03997370858777895,0.2162988118131631,test
702,126,35,65,99.92,mobile,0.3326846397646594,0.4063200749394968,test
703,68,29,16,62.39,desktop,0.502212416687924,0.1688588312573656,test
705,358,125,105,203.3,mobile,0.3866417511835874,0.2236655209674178,test
706,284,48,78,585.39,mobile,0.19845077131199326,0.21318499128689702,test
707,203,30,41,117.69,mobile,0.17586382551708643,0.15793341850572015,test
709,163,20,53,118.88,mobile,0.14167736435452274,0.2585554919508394,test
711,40,7,9,31.5,mobile,0.2005259707930575,0.17447974816893422,test
713,43,11,21,47.91,mobile,0.28411069429113744,0.37839943906736123,test
714,432,56,82,183.73,mobile,0.15119137690866155,0.14914154015471467,test
715,146,64,42,113.07,mobile,0.513768700903457,0.2270157023906509,test
717,260,160,93,476.48,mobile,0.7373875816538759,0.2521468800990007,test
718,99,19,59,63.25,desktop,0.22607325511482307,0.43897078981140014,test
719,169,23,50,97.24000000000001,mobile,0.15817872774118794,0.22652556549628197,test
721,133,4,32,47.25,desktop,0.03308640499581026,0.1786074231532353,test
722,163,36,47,141.43,desktop,0.26337621077744433,0.20518116217704072,test
724,45,21,28,46.85,mobile,0.5547140146124234,0.44151329669213296,test
727,237,62,36,165.57999999999998,mobile,0.29560512013425794,0.10770902428885247,test
728,629,45,116,406.24,mobile,0.08440341523712992,0.13705753288509442,test
729,20,14,14,11.84,desktop,0.8360494632013966,0.5028522352739718,test
731,268,63,38,371.31,mobile,0.27322020508296196,0.1117314453389868,test
732,161,52,64,106.21000000000001,mobile,0.3562829261534685,0.3111283020378888,test
734,105,59,75,119.11,mobile,0.6220882282902376,0.5411763851956666,test
737,349,115,79,189.48,mobile,0.36780679665232285,0.17248116659481913,test
738,244,54,96,158.2,mobile,0.26046135743112103,0.2979929565336332,test
741,217,97,119,300.3,mobile,0.5218159159331188,0.40204903991033936,test
742,347,78,113,479.04,mobile,0.2644103301274001,0.23098956973992618,test
743,206,66,53,143.36,mobile,0.3742956312142967,0.19636218236881645,test
746,182,27,86,135.2,mobile,0.16665614942539558,0.3741172052598724,test
747,263,70,69,247.07,mobile,0.3041273915266852,0.1961517404847794,test
748,150,45,33,267.84,mobile,0.35356568134927285,0.1704845991260098,test
749,205,72,98,478.46999999999997,mobile,0.41454472767019224,0.3432405148433008,test
750,22,5,19,10.260000000000002,desktop,0.26095850791840725,0.6048856820426671,test
751,329,129,144,231.4,mobile,0.43427201821604144,0.3342718335974194,test
752,28,9,10,28.79,mobile,0.35888063482075616,0.26135563208840584,test
753,208,39,66,122.73,mobile,0.2133267347130841,0.23910199874079868,test
754,79,8,72,67.11,desktop,0.11519572160878436,0.6408564713115292,test
755,246,46,123,153.94,mobile,0.22419881204523043,0.3910113148362304,test
756,131,23,30,254.09,mobile,0.20825577134375778,0.16862941659081926,test
760,181,9,76,25.98,desktop,0.05629838881548955,0.3095709523616775,test
762,109,18,33,80.98,mobile,0.19622494370141358,0.23553208688115929,test
764,26,10,17,22.88,desktop,0.43912813382774346,0.5119343002111085,test
765,273,57,117,353.21000000000004,mobile,0.23851814126979856,0.3222425528208484,test
766,228,26,64,136.98,mobile,0.13434109551623058,0.2236053731159084,test
768,119,56,34,74.25,mobile,0.5193720907400681,0.2281071699537774,test
769,340,76,67,448.94,mobile,0.2620917177599427,0.15331949084850355,test
770,51,25,38,29.03,desktop,0.5669132301228473,0.585344698647822,test
771,129,47,47,110.25,mobile,0.4081544328277875,0.290359175955419,test
772,12,3,8,7.26,desktop,0.2807353362004352,0.4980301351734435,test
774,54,17,20,184.91,mobile,0.35208968214523984,0.26066063014332175,test
776,398,73,28,409.69,mobile,0.20522572876333434,0.05147012667381014,test
777,172,72,63,190.15,mobile,0.47643101447953545,0.2666706459220749,test
780,280,53,120,548.81,mobile,0.21864713814180045,0.30807129907185804,test
781,312,43,167,277.64,mobile,0.153425970184118,0.42214346267788283,test
785,170,66,108,180.8,mobile,0.42942150780165084,0.4941177063217205,test
786,392,85,99,233.79,mobile,0.2539467630275594,0.1867786532092552,test
787,143,10,14,56.92,mobile,0.0806366360030207,0.07588142771073851,test
788,331,117,44,442.48,mobile,0.4207962290350222,0.10476261182524432,test
792,210,71,43,182.29,mobile,0.37575814810808456,0.16103444028361363,test
793,92,24,69,133.18,mobile,0.28958342002422877,0.5771263308685352,test
794,4,0,1,1.39,desktop,0.0,0.1909686876986923,test
799,73,14,27,462.26,mobile,0.2192930236608797,0.2655232506048914,test
803,123,33,53,94.46000000000001,mobile,0.320195459079535,0.3419897869862889,test
808,303,43,136,209.18,mobile,0.16797472005799677,0.3289819788602742,test
810,35,10,14,24.85,mobile,0.3322041860399453,0.28276152909752467,test
811,296,99,64,314.15999999999997,mobile,0.37694813033396873,0.1719964104245658,test
812,60,18,14,74.55,desktop,0.34209540470423183,0.1653373002740044,test
814,193,41,57,156.28,mobile,0.25387596734934503,0.21029983630477125,test
816,181,64,37,137.66,mobile,0.39128475539463337,0.15237316607657916,test
817,93,14,3,61.76,mobile,0.178203724801917,0.024797176866140486,test
820,452,80,182,345.0,mobile,0.20836313849132895,0.3025449195326464,test
825,57,5,42,36.48,mobile,0.1043721939767918,0.5681676247770733,test
829,391,83,177,280.71,mobile,0.25172256964072925,0.3245177921144619,test
830,275,25,65,225.15,mobile,0.10577636373162276,0.1751426135392622,test
832,16,2,6,8.8,desktop,0.13877711326309172,0.2782420166581167,test
834,292,34,54,195.84,mobile,0.13070860576498408,0.1329376605123098,test
836,411,97,127,221.62,mobile,0.2829588912925079,0.21944427541642506,test
838,31,4,13,19.5,mobile,0.15029650323904853,0.3236300044593153,test
839,362,52,33,232.53,mobile,0.16421723700558008,0.06978046251081893,test
841,74,28,52,109.35,mobile,0.4236567012230607,0.512579698060035,test
845,214,40,43,141.29,mobile,0.20705864183983008,0.15496814766037995,test
847,142,54,37,133.23,mobile,0.4378033944714848,0.20129915757224157,test
849,15,12,9,25.95,mobile,0.8922741026378035,0.43013275177126914,test
850,15,3,6,6.73,desktop,0.22865885569922084,0.3103024431013646,test
851,86,16,67,77.87,mobile,0.22240192594322486,0.5528090515046027,test
852,232,40,123,248.79,mobile,0.19944905893595466,0.4212372521817172,test
858,114,43,53,406.45,mobile,0.4335439509445986,0.33335699692298126,test
859,50,12,11,48.27,desktop,0.27424740362478195,0.17103966394713857,test
861,256,45,85,324.64,mobile,0.2026241907273555,0.2453562156364867,test
862,36,17,27,41.42,mobile,0.5488430076777768,0.598792267909525,test
863,307,77,145,277.62,mobile,0.29645539205682336,0.3414813102061893,test
865,376,71,68,418.26000000000005,mobile,0.21554732213193203,0.13058397345850203,test
866,34,1,9,18.41,desktop,0.033744443745521165,0.19436189671684742,test
867,124,7,25,79.42,desktop,0.06590501395647899,0.15225142591514937,test
868,130,27,62,98.53999999999999,mobile,0.2409718733066939,0.36444147199098476,test
869,62,14,11,43.33,mobile,0.25638429286525255,0.13708917636771947,test
870,251,20,52,185.79,mobile,0.08949433509816807,0.1479035697474644,test
872,259,41,53,161.82,mobile,0.18816573881398774,0.15698065419786056,test
873,199,59,59,295.86,mobile,0.3499936451759109,0.22036534638208466,test
875,158,7,48,121.2,desktop,0.05257642663865839,0.22686566061854568,test
876,194,56,104,166.24,mobile,0.3412762497940465,0.3847370337320049,test
878,115,26,38,57.29,desktop,0.2576239403941522,0.24922135733339992,test
883,9,7,9,10.08,desktop,0.864287721893992,0.7547447127399403,test
886,29,0,8,23.130000000000003,mobile,0.0,0.20860250863849195,test
887,18,0,1,13.12,mobile,0.0,0.04426577923092215,test
888,60,5,14,110.52000000000001,desktop,0.09758107211420576,0.1694845656650331,test
890,178,66,75,240.76,mobile,0.4145588180274515,0.31270797233299585,test
891,26,7,4,11.48,mobile,0.32036842326901127,0.1193531241879376,test
892,90,3,22,74.19,mobile,0.03857975894979665,0.1852228101345887,test
893,273,17,85,374.17,mobile,0.07004177275881213,0.22739498927543966,test
896,46,8,11,25.990000000000002,mobile,0.19829785456524726,0.16922287399658473,test
897,48,13,10,30.63,mobile,0.3240453831919972,0.15348560952541845,test
898,9,5,5,12.85,desktop,0.6541096844478989,0.394871638794746,test
905,55,12,3,41.83,mobile,0.26172680017724853,0.0388688423819399,test
908,195,38,24,77.96000000000001,mobile,0.21914129594105394,0.08646490138954296,test
912,288,80,63,240.13,mobile,0.31714025568923426,0.16026482553175422,test
914,244,77,44,170.75,mobile,0.3519692716101951,0.1322723601636046,test
915,39,2,9,21.259999999999998,mobile,0.0600303418670998,0.1638637248740262,test
917,88,16,29,81.26,mobile,0.20786529232069353,0.2368756017192198,test
918,127,31,31,91.88,mobile,0.2706145477132042,0.17397785780378713,test
920,264,43,106,195.33,mobile,0.18303062658528677,0.31896521851468335,test
921,196,46,62,388.1,mobile,0.27632535208874226,0.23941500572232358,test
923,160,43,32,117.63,mobile,0.29589733908393384,0.14094448706494464,test
924,232,25,66,449.22999999999996,mobile,0.12039298645451592,0.21146082304611313,test
925,37,17,3,16.67,desktop,0.5276469248356872,0.06091371628898668,test
927,323,26,112,140.52,mobile,0.09413228528730225,0.27687780285463176,test
928,184,63,33,97.0,mobile,0.3797178112443667,0.14233172551856554,test
932,392,111,92,207.54,mobile,0.3137484288154407,0.18400061273075066,test
938,35,18,9,107.77,desktop,0.6119990175695628,0.19740198244256194,test
946,175,33,32,91.86,desktop,0.21540659838245524,0.14367207965991974,test
950,259,63,45,421.84000000000003,mobile,0.2863059369451839,0.13167243801722683,test
952,51,7,25,20.93,desktop,0.154545929447601,0.38973506880178027,test
953,299,72,77,245.44,mobile,0.2711710668667017,0.1808363800585435,test
956,49,18,22,55.59,mobile,0.4278565572397801,0.3398627063733148,test
958,10,2,12,15.23,desktop,0.22017151042309346,0.8826881091111685,test
959,430,237,138,222.57,mobile,0.6392508080326913,0.2501400703091414,test
963,141,20,20,336.78000000000003,mobile,0.1581936233595484,0.10424962178164163,test
965,186,24,50,87.77,mobile,0.14218431381037627,0.20277252770238277,test
970,106,8,8,43.69,mobile,0.08347664615352872,0.05337397974812814,test
972,365,40,74,252.23000000000002,mobile,0.12689652030997225,0.14227674088264727,test
981,601,29,135,368.05,mobile,0.0550045613958568,0.1741944606281707,test
982,62,7,21,63.98,desktop,0.13011071464455723,0.24852297432043585,test
984,163,30,50,140.43,mobile,0.20789131185211313,0.232790887625308,test
985,361,22,63,130.77,mobile,0.07039898836433242,0.1252122823578031,test
987,69,11,22,62.46,mobile,0.18808264986220996,0.23985453382048216,test
990,141,38,56,117.88,mobile,0.3219592468918668,0.2943344090477828,test
995,51,4,29,17.37,desktop,0.09094282083743827,0.41662885469447286,test
999,23,12,13,145.58,mobile,0.5781072465084006,0.4287616323220509,test
1003,279,77,106,178.59,mobile,0.3263832308500108,0.2745777479525228,test
1005,197,41,75,128.88,mobile,0.23337854419001947,0.3012554316320989,test
1007,141,48,55,141.1,mobile,0.38667801676310976,0.2864827409908316,test
1014,91,33,14,60.68,mobile,0.3992347491171113,0.11866052208186811,test
1020,194,25,19,125.06,mobile,0.14885196882582455,0.07066628832254443,test
1022,27,17,11,32.480000000000004,mobile,0.755240905734493,0.297793561016616,test
1025,98,46,23,58.47,mobile,0.5536738878718249,0.1749228400964746,test
1027,155,29,92,191.38,mobile,0.2060579516475322,0.4539092838834733,test
1028,197,38,89,212.99,mobile,0.2193142584903533,0.31885749824078075,test
1032,86,7,15,196.43,mobile,0.09465818929975683,0.12265201227084303,test
1033,101,8,35,72.2,desktop,0.08933910333329839,0.24437225431779963,test
1034,66,1,0,11.76,desktop,0.016987872175292126,0.0,test
1037,126,17,16,49.32,mobile,0.15746941094237282,0.10142968922864191,test
1041,192,32,51,391.46,mobile,0.1914330736506891,0.1968208391218217,test
1047,83,7,36,36.89,desktop,0.09588130207464203,0.30744304214198503,test
1048,122,52,52,136.77,mobile,0.4918591585744383,0.3394814758387861,test
1050,339,75,132,227.04,mobile,0.26372327442237675,0.2817143435572805,test
1053,130,22,16,78.22,mobile,0.1866782331014493,0.08925001205414981,test
1054,391,146,88,240.06,mobile,0.4281050671523915,0.15939282683888792,test
1056,85,104,89,142.88,mobile,1.4515556823060634,0.8207238023149926,test
1058,124,28,80,106.98,mobile,0.2608742880631588,0.5027628630561114,test
1059,244,66,82,224.45000000000002,mobile,0.3045576788153894,0.25014935584777925,test
1062,6,2,6,9.78,mobile,0.37974188982862733,0.7279377992811222,test
1064,162,11,91,107.13,mobile,0.0758835175126189,0.4302439020412125,test
1066,82,18,12,57.28,mobile,0.25592678645953004,0.11336602332422056,test
1073,78,6,39,32.56,desktop,0.08936313739254811,0.3703661896982108,test
1074,154,12,11,91.0,mobile,0.08790019139063479,0.053370732644865346,test
1075,208,50,27,137.99,mobile,0.26514351624316107,0.09871170560369752,test
1078,236,109,68,172.58,mobile,0.5122097572779426,0.21749905915572743,test
1079,225,17,59,361.75,mobile,0.08428142074279302,0.1873581255549092,test
1080,340,54,87,228.09,mobile,0.18920571909460193,0.20386743238421848,test
1085,166,27,23,65.41,mobile,0.1813618234071391,0.10444295250157624,test
1087,118,20,57,60.92,desktop,0.1972658121317,0.34793838295466906,test
1088,440,67,119,406.94,mobile,0.1732458527493529,0.21559689603306093,test
1090,363,59,109,365.58,mobile,0.19326525828895214,0.2379122811198572,test
1091,137,69,38,436.21000000000004,mobile,0.5716447218257149,0.21082591309158702,test
1094,93,15,41,86.24,mobile,0.18882677993577252,0.3283529519442933,test
1096,136,51,23,153.46,mobile,0.42635367657459955,0.13492353525776665,test
1099,101,16,29,47.6,mobile,0.17511577773863754,0.22790567785803162,test
1101,189,75,90,202.74,mobile,0.4638830952921701,0.3677034273558356,test
1105,100,32,11,50.42,desktop,0.3534295303125877,0.08501796764104438,test
1108,120,46,40,94.41,mobile,0.434489205336422,0.26365829153018777,test
1110,297,84,162,187.76,mobile,0.3373185425242853,0.426908678108135,test
1113,274,99,162,408.85,mobile,0.41599068104644127,0.4405802538993017,test
1120,36,2,18,28.23,mobile,0.0648758158887971,0.3862489600316318,test
1121,221,108,120,301.62,mobile,0.538770882430848,0.38835792283430154,test
1122,525,63,67,400.58,mobile,0.1372714257952498,0.10058154121789929,test
1123,134,13,69,345.82,mobile,0.1116104052711127,0.37647156122873243,test
1127,342,76,59,293.3,mobile,0.2600498877922483,0.12158098916135662,test
1128,12,2,10,14.47,mobile,0.18597186902740992,0.6572597038997935,test
1129,269,93,86,180.78,mobile,0.38851905806042003,0.2258778772740736,test
1132,98,15,12,81.25,desktop,0.169707307684183,0.09288921673204656,test
1135,130,9,26,76.25999999999999,desktop,0.07791325738320884,0.15966032081362347,test
1136,456,57,138,238.65,mobile,0.1436952369663518,0.23203547128457713,test
1137,45,19,60,38.89,mobile,0.4787427101856892,0.9509236195676204,test
1144,98,16,28,80.31,mobile,0.194012882787951,0.22796738929907984,test
1145,289,6,128,384.81,mobile,0.02432088761167162,0.34172947696718997,test
1146,266,64,65,188.32,mobile,0.27933964380250703,0.17460512697486646,test
1148,16,3,3,12.43,mobile,0.21716803895196368,0.13249926128090858,test
1149,152,35,77,109.0,mobile,0.2657887533413207,0.38922105373854493,test
1150,151,13,38,357.67999999999995,mobile,0.10051739972828769,0.18462607848230847,test
1151,320,45,104,458.59,mobile,0.15593542441961122,0.24077688957082238,test
1152,226,69,25,116.7,mobile,0.362175160817719,0.08833661733788573,test
1153,66,15,13,46.22,mobile,0.2658262189891433,0.15193961900990702,test
1154,302,52,53,222.70999999999998,mobile,0.1938316383890906,0.1397806316932952,test
1156,27,1,10,9.62,desktop,0.04377628789909124,0.2741262949654669,test
1157,479,23,31,455.14000000000004,mobile,0.05686159942374352,0.04792651318358737,test
1159,42,5,7,16.259999999999998,desktop,0.1342570115598493,0.11786889236265982,test
1161,128,62,23,69.6,desktop,0.547359209646171,0.131704948963111,test
1162,270,114,72,551.54,mobile,0.4940162476997989,0.2112151835749951,test
1165,289,56,120,431.74,mobile,0.23169971590930866,0.3298356843980986,test
1167,279,34,44,236.41,mobile,0.13696495532595898,0.11105018182659046,test
1169,261,30,93,503.78999999999996,mobile,0.13612498814532567,0.265688596301302,test
1171,139,20,34,101.15,mobile,0.16659788456765814,0.1852167430903196,test
1172,219,48,99,320.75,mobile,0.2602232771757816,0.3492793717977245,test
1173,107,24,30,116.84,mobile,0.26888973606810507,0.21195734936057015,test
1175,149,25,52,82.68,mobile,0.1877581090945652,0.2755392064719936,test
1184,67,17,31,64.0,desktop,0.30069841119899005,0.3354451616501842,test
1188,115,20,22,52.28,mobile,0.20862189411166712,0.14830340183741078,test
1189,35,10,14,42.45,mobile,0.31794582580521163,0.29784511086905846,test
1200,273,84,111,205.85999999999999,mobile,0.35269996374148394,0.3085125810799557,test
1202,99,80,18,40.730000000000004,desktop,0.9101443597940548,0.1363870121351736,test
1203,80,11,55,70.51,mobile,0.16282181193617187,0.4875410774321577,test
1205,155,41,35,364.66,mobile,0.2978311448038033,0.1732175026964135,test
1207,333,95,99,502.26,mobile,0.31673193230502666,0.21417706657332652,test
1209,395,71,47,321.45000000000005,mobile,0.20694248341021687,0.08397320410420377,test
1210,105,17,20,66.18,mobile,0.18748292890136528,0.1411454246009905,test
1212,99,29,21,95.67999999999999,desktop,0.34752281597270734,0.149518401039676,test
1213,144,17,59,85.07000000000001,mobile,0.13580794312354472,0.28844053962580424,test
1214,126,25,69,292.06,mobile,0.2289406338413229,0.38645558031272187,test
1215,10,4,1,10.71,mobile,0.46412927188330183,0.0742903886698022,test
1216,75,15,32,40.68,desktop,0.22666536985147828,0.31141710031125674,test
1218,45,8,10,21.8,mobile,0.2095302343805704,0.16027729599547932,test
1220,38,2,23,23.61,mobile,0.060298349130292965,0.4763572090757405,test
1221,52,13,6,23.259999999999998,desktop,0.29820271281651356,0.0858032340654117,test
1223,174,34,92,252.42,mobile,0.22032944864160378,0.3784353825609995,test
1226,137,37,30,93.25999999999999,mobile,0.3146711480382824,0.16603457680234818,test
1227,60,32,37,43.07,mobile,0.6065031846851021,0.49194690800455454,test
1230,230,56,27,376.58,mobile,0.282982206522772,0.08918938378474667,test
1231,88,20,19,237.99,mobile,0.272501662319442,0.15508577142875035,test
1232,37,11,16,47.2,mobile,0.34209200494419284,0.3271457186696731,test
1238,79,28,32,72.05,mobile,0.42298893184780917,0.3013895656223005,test
1239,129,43,37,212.49,desktop,0.37769166570036217,0.2074190689173289,test
1240,68,17,6,68.35,mobile,0.298067728783823,0.07038544893499114,test
1241,140,32,28,115.86,mobile,0.26863391402413983,0.15134675727530145,test
1242,170,65,62,280.43,mobile,0.43086061986787416,0.26091817434898146,test
1244,94,11,33,84.09,mobile,0.13045708361835007,0.26393564843275313,test
1245,345,54,42,200.28,mobile,0.18774970745323705,0.08731853033244787,test
1246,40,6,10,61.370000000000005,desktop,0.1783445862800003,0.1994024442604556,test
1247,76,6,1,144.15,desktop,0.08914838565924336,0.009584763403754904,test
1249,64,7,16,49.21,mobile,0.12308159756324728,0.19580976333544517,test
1252,79,19,7,28.45,desktop,0.2766002498093877,0.07079748572672662,test
1253,33,3,9,16.65,desktop,0.10512698363246624,0.20946448817153157,test
1255,99,23,37,105.42,mobile,0.2556311885812615,0.2924894073151398,test
1258,96,0,27,67.56,desktop,0.0,0.21446552151648995,test
1259,52,18,17,59.31,mobile,0.3900129173655661,0.25614126060813563,test
1260,232,11,37,165.9,mobile,0.05433582341139684,0.12588490432187951,test
1268,244,60,82,745.14,mobile,0.2739050678234447,0.24255737334086724,test
1271,173,34,79,168.02,mobile,0.22093636349882761,0.3455045020254044,test
1273,97,51,17,126.41999999999999,desktop,0.5794111906422282,0.13144303316825987,test
1274,295,45,68,598.87,mobile,0.17973477859961884,0.1807189904815654,test
1276,442,91,74,220.93,mobile,0.24526421404039378,0.1336133172274282,test
1279,159,79,92,171.72,mobile,0.5804224504978934,0.45486053683837974,test
1282,39,15,22,33.15,mobile,0.4322969650815743,0.40300022276879827,test
1283,37,12,33,13.11,desktop,0.3748659025217616,0.6366049785038479,test
1284,468,115,173,644.6700000000001,mobile,0.28919575428594785,0.2930840953125737,test
1285,409,85,65,279.93,mobile,0.24907922271474964,0.12359494340823587,test
1287,398,141,223,258.53,mobile,0.41119086604141036,0.4463678220843566,test
1288,35,5,29,149.16,desktop,0.16570507362532494,0.6481015316216369,test
1289,270,19,26,124.97,desktop,0.08117717629904868,0.07292843675950281,test
1290,364,99,193,508.75,mobile,0.30088037063928136,0.40141337713404773,test
1291,75,13,44,35.1,desktop,0.19160097954292077,0.41798472143482057,test
1292,218,24,101,175.88,mobile,0.12269940143938533,0.35649543245062104,test
1295,106,8,55,50.41,mobile,0.08352177246912049,0.40868060219484365,test
1300,40,12,8,50.61,desktop,0.3573500181410694,0.14994142363510107,test
1304,214,61,150,207.26999999999998,mobile,0.32345568126780744,0.5109871974139472,test
1305,92,33,17,57.519999999999996,mobile,0.4183750679310006,0.13059304482592538,test
1306,230,64,37,366.39,mobile,0.3177733750666954,0.1127804880918988,test
1310,4,0,1,3.1,desktop,0.0,0.19564724288527943,test
1313,200,46,158,248.52,mobile,0.27173690574435355,0.6007234791657593,test
1315,449,92,112,190.23,mobile,0.22640489826950233,0.1838094225594021,test
1316,223,25,131,475.27000000000004,mobile,0.13108323236647085,0.4584445958091013,test
1319,144,37,41,88.58,desktop,0.30096942626981177,0.22756944605392893,test
1320,66,17,28,57.29,mobile,0.3075895984170532,0.33879140580520156,test
1321,12,2,13,4.85,desktop,0.18399034569916833,0.8392166089688501,test
1323,63,41,21,57.67,mobile,0.7443502802956202,0.24351287011101447,test
1328,240,31,130,193.19,mobile,0.1428326257196243,0.38214632638321233,test
1329,82,15,25,54.06,mobile,0.20276433280937148,0.24148036215904314,test
1330,49,7,10,25.43,mobile,0.1620599523072664,0.14375489209292025,test
1333,141,19,104,234.57999999999998,mobile,0.1577778377417832,0.5889848840094305,test
1335,68,26,14,460.75,mobile,0.4412417600644544,0.15548112925812108,test
1337,201,35,15,130.88,mobile,0.1948918809058542,0.05489602174829679,test
1338,81,26,6,81.68,desktop,0.3533985741935338,0.05867328158971139,test
1342,407,57,163,490.96,mobile,0.16277720379097296,0.28058522585570156,test
1345,27,9,11,25.1,mobile,0.36965739256578156,0.3024941522278755,test
1346,11,0,7,15.58,mobile,0.0,0.461993829857608,test
1347,260,48,108,474.27,mobile,0.21631545068829608,0.32724882952578527,test
1348,313,45,69,230.31,mobile,0.16963849502198086,0.16192171180814918,test
1352,308,69,140,407.79,mobile,0.261020597042188,0.3563169535101282,test
1353,394,40,92,437.32,mobile,0.11868922363860014,0.16853344697575603,test
1354,340,102,47,239.26000000000002,mobile,0.3409021068718592,0.1083221441022496,test
1356,29,3,9,20.48,mobile,0.11987217958491647,0.24323487449115558,test
1357,330,25,186,221.25,mobile,0.08764927422333312,0.40246570881989346,test
1359,37,21,34,48.55,mobile,0.6414579105380235,0.730941516365345,test
1360,178,23,51,197.87,mobile,0.1535100591423358,0.21840228933550623,test
1363,149,30,132,147.09,mobile,0.2284804765116048,0.6905293085080331,test
1364,145,67,76,174.39,mobile,0.5523514886125237,0.3850429810967815,test
1365,128,12,63,99.8,desktop,0.11049953079140667,0.3488595687497256,test
1366,226,56,36,465.09,mobile,0.2933981508937524,0.11531435059037554,test
1367,7,5,3,14.08,mobile,0.8245897903855919,0.3139062720946584,test
1368,62,11,71,62.07,desktop,0.19953550776793844,0.8849637469028585,test
1369,363,92,125,340.8,mobile,0.2791572262406751,0.27105069989128144,test
1375,259,27,152,358.08,mobile,0.11828519994552389,0.4457474538483943,test
1376,156,14,22,282.0,mobile,0.10695359296515204,0.10645062057677444,test
1379,428,62,135,254.73000000000002,mobile,0.16262892772934498,0.24440706041945723,test
1380,22,0,7,40.69,desktop,0.0,0.23051547768090094,test
1384,106,21,22,332.96,mobile,0.22365677366428707,0.1596690646562619,test
1386,235,72,149,221.43,mobile,0.36182240428363044,0.4566863574653119,test
1387,29,12,15,34.35,desktop,0.4764312855770082,0.37908189771516376,test
1388,178,27,85,109.08,mobile,0.17146482604005783,0.36952658135594674,test
1390,197,81,133,413.65000000000003,mobile,0.46664231685469365,0.5008016998756721,test
1392,59,5,10,17.48,desktop,0.09783008980093291,0.13193915805579132,test
1393,250,84,35,409.17,mobile,0.39773691588237575,0.10884920816849154,test
1394,178,60,77,130.53,mobile,0.4025535134785786,0.3296821341250939,test
1397,211,67,52,577.5,mobile,0.37950195497906525,0.18081755639300998,test
1399,36,6,18,25.41,mobile,0.18761250838089782,0.3584546281033168,test
1400,69,58,11,48.56,desktop,1.0060647739297501,0.11673364779499829,test
1403,67,4,13,49.75,mobile,0.07034533353442235,0.1468723181231948,test
1405,18,3,5,12.46,mobile,0.199599665314431,0.20710568290041545,test
1406,298,47,125,502.55,mobile,0.1794626690468775,0.30388322609182783,test
1408,131,36,33,167.02,mobile,0.3219363994684607,0.1972781050491055,test
1409,275,35,74,229.42,mobile,0.1497876950191535,0.18932432158753523,test
1411,72,1,35,94.03999999999999,desktop,0.016212880129661374,0.3845575207712485,test
1412,207,24,52,109.62,mobile,0.13508333306256465,0.19371906681447235,test
1413,34,31,18,40.69,desktop,1.0109424717496007,0.4175619381465441,test
1414,106,14,21,225.30999999999997,mobile,0.14828221397029315,0.15384528077220566,test
1415,339,24,66,197.78,mobile,0.08135737402742921,0.15401769346108302,test
1417,19,17,35,115.06,desktop,1.044348368789193,1.3322789647270443,test
1419,425,38,143,233.85,mobile,0.10717512518744829,0.24947508004277572,test
1421,193,69,91,164.92000000000002,mobile,0.3943139125523338,0.335497350346569,test
1423,137,15,31,79.76,desktop,0.13034003919155146,0.16832766858154719,test
1424,206,63,56,381.62,mobile,0.34666001118087075,0.21449630036274875,test
1426,41,9,2,21.87,desktop,0.24960157296797783,0.03852748145616092,test
1427,115,39,48,94.08,mobile,0.3832288176755997,0.30794710971357814,test
1428,91,18,45,83.61,mobile,0.23522747892929147,0.3503323217258834,test
1429,79,30,53,266.32,mobile,0.4229942624338691,0.4948265255172118,test
1434,238,47,68,51.07,desktop,0.22224056918842586,0.2224898440724137,test
1435,65,1,54,46.43,desktop,0.01730002870675732,0.6060466803890082,test
1437,14,6,6,11.39,mobile,0.5038862139325767,0.3032444199125951,test
1439,569,168,85,253.77,mobile,0.3439539485383242,0.10650977014819733,test
1442,226,48,117,234.43,mobile,0.24924032327532175,0.37741808914909336,test
1443,192,34,50,230.60999999999999,mobile,0.19879103474179202,0.18517617278895582,test
1444,234,53,100,259.93,mobile,0.2581765028233645,0.3170813418457148,test
1447,116,11,41,74.0,mobile,0.111908646974045,0.27018726613047056,test
1451,18,4,10,13.54,mobile,0.2568785081191433,0.44065453745103256,test
1453,221,33,53,181.57999999999998,mobile,0.17089616740791355,0.1704818241316122,test
1455,309,92,177,371.5,mobile,0.3349596748248343,0.43222930348549254,test
1456,222,23,47,230.96,mobile,0.11839758084048214,0.15159169071180353,test
1457,184,53,128,504.72,mobile,0.3284092092913486,0.5136045127463922,test
1462,58,11,15,76.44,desktop,0.21764971604192718,0.20304187494906004,test
1463,281,52,58,201.03,mobile,0.21383666284794348,0.146821913794953,test
1464,123,24,56,89.84,mobile,0.21932646336251446,0.3293737719294788,test
1465,70,24,16,25.56,desktop,0.4028062959161866,0.17301417564732247,test
1468,336,62,105,232.76,mobile,0.21185948403319074,0.24408534557480688,test
1470,319,16,83,483.1,mobile,0.05702768176325621,0.1917308868451449,test
1471,154,47,38,63.24,mobile,0.3377587890155197,0.17779887258575314,test
1472,261,62,50,175.27,mobile,0.2763756317313403,0.13956004888680795,test
1473,133,78,54,181.55,mobile,0.7003580831186826,0.29260584670906065,test
1475,141,40,52,127.18,mobile,0.31772548433055314,0.2640944561349044,test
1476,91,15,24,70.88,mobile,0.1838265371999629,0.1987422633756465,test
1480,169,20,30,122.39,mobile,0.13363795735352393,0.1302811675413154,test
1481,86,4,12,26.44,desktop,0.05438603165983467,0.11042069623929135,test
1485,188,81,94,148.54,mobile,0.5075742145491277,0.36370028392674186,test
1487,258,20,122,339.6,mobile,0.09210686760011123,0.3559578894577602,test
1489,129,40,20,72.78,mobile,0.37196321555910467,0.1227501363639793,test
1493,72,10,25,28.380000000000003,desktop,0.1644231793068782,0.26322307506094383,test
1494,268,36,66,230.77,mobile,0.16031705126972232,0.17602474308331298,test
1496,58,24,17,40.17,mobile,0.4877528297907398,0.22693808865542525,test
1498,166,50,69,143.35999999999999,mobile,0.35986893094481054,0.321420954691244,test
1499,294,32,47,170.46,mobile,0.1262738241275852,0.1153444364822321,test
1503,196,13,53,123.91,mobile,0.07850860189416933,0.2011619366530947,test
1504,318,44,73,158.28,mobile,0.15400378255735578,0.1743862477133682,test
1506,304,28,59,155.92,mobile,0.10613131184758083,0.14199710926030748,test
1510,219,16,41,152.07999999999998,mobile,0.0813236421701011,0.14485462534610546,test
1511,447,117,143,774.48,mobile,0.3033824732400363,0.22408446695890918,test
1514,74,15,21,44.269999999999996,desktop,0.23500595833476146,0.20097664779839985,test
1518,317,71,102,286.77,mobile,0.24879621741494573,0.2507067893869974,test
1519,181,17,79,110.02,mobile,0.10554684076730529,0.3105789295763803,test
1520,108,32,17,121.89999999999999,desktop,0.33683310961303065,0.12557248556341458,test
1524,543,84,51,415.55,mobile,0.1706232785715189,0.06792911468584421,test
1525,383,78,295,262.24,mobile,0.23299591297960082,0.5444679292474115,test
1529,267,144,132,302.83000000000004,mobile,0.6232392140668065,0.3612812979147012,test
1530,24,9,19,21.990000000000002,mobile,0.4434195221144682,0.5860397090263509,test
1531,221,60,21,138.48000000000002,mobile,0.30064419349246896,0.06821973010768616,test
1532,201,140,31,181.88,mobile,0.7950219491127722,0.10964375094358057,test
1533,97,26,36,92.02,mobile,0.32034279658085735,0.2925884640283496,test
1534,158,48,36,247.43999999999997,mobile,0.35553302497401756,0.1739641766111413,test
1535,5,2,5,3.96,desktop,0.4587686441115679,0.7766113776893461,test
1538,226,23,17,50.69,desktop,0.11936573187754772,0.06011382440481815,test
1540,330,45,62,429.56,mobile,0.15016347319802817,0.14501628299143846,test
1541,54,2,4,21.36,desktop,0.041460851533112915,0.05791264717100935,test
1543,479,84,150,264.4,mobile,0.2090482586421132,0.249703593612944,test
1544,329,72,84,237.86,mobile,0.2587649070437603,0.20395961034676238,test
1547,43,15,9,35.53,mobile,0.39632363249435093,0.1543350794639821,test
1550,298,46,129,220.9,mobile,0.17737397242607106,0.3409496956320528,test
1552,232,47,63,195.21,mobile,0.2271982132887235,0.20918226426120623,test
1553,121,33,29,106.09,mobile,0.32060656989051267,0.18953064675102546,test
1554,332,60,105,221.47,mobile,0.2090628466958155,0.251380827223859,test
1556,439,38,67,233.5,mobile,0.0971981828212761,0.10877385940560456,test
1557,41,12,19,47.900000000000006,mobile,0.34522042723077323,0.3464109007101168,test
1559,391,130,139,258.31,mobile,0.36635856829943564,0.27181929482556266,test
1562,351,48,74,200.29,mobile,0.1552406132149511,0.1627883638563636,test
1568,66,32,14,46.19,mobile,0.5625052647374821,0.1650851396289859,test
1571,94,2,12,28.03,desktop,0.02360285862111203,0.09787754245406485,test
1573,159,15,21,66.73,mobile,0.1056195407291827,0.1011318910154927,test
1575,166,3,61,136.07,desktop,0.020002689458717898,0.2770119452474895,test
1576,22,1,17,23.33,desktop,0.052889116830797105,0.5581052852118082,test
1581,167,20,43,74.62,mobile,0.13401033122517877,0.18680584007161455,test
1582,75,17,25,64.43,mobile,0.2682210499481269,0.2468462527310036,test
1585,110,69,11,57.92,desktop,0.7333119343418424,0.07846552602379134,test
1586,351,137,89,301.65,mobile,0.45645618866458926,0.18557760935703807,test
1587,106,6,41,86.83,mobile,0.06321660485143096,0.29706887739450544,test
1589,299,94,83,175.41,mobile,0.3762827375286234,0.2113530685010436,test
1592,4,2,2,2.3,desktop,0.5950365795224586,0.3860064954976484,test
1593,103,6,18,104.08,desktop,0.06650767668300737,0.13192838487195618,test
1594,242,41,59,481.69,mobile,0.18924179122178791,0.1792943073336226,test
1595,108,39,27,103.74,mobile,0.43262433217603147,0.19938371483582332,test
1599,71,19,7,48.16,mobile,0.3201137258200394,0.07877941511095157,test
1600,123,26,12,68.13,desktop,0.23755170461227326,0.07658053955476117,test
1601,87,8,28,53.5,mobile,0.10506995972404481,0.230294801317142,test
1603,215,95,35,311.72,mobile,0.5102868708051973,0.12710962694700137,test
1606,66,30,45,122.83,desktop,0.5038530153221112,0.5276010642302399,test
1607,173,38,70,108.4,mobile,0.25126093464659854,0.30098148320255347,test
1608,420,46,145,172.48,mobile,0.12393175293819932,0.2611874372364365,test
1609,142,21,32,104.0,mobile,0.1729073542263326,0.17331617550656586,test
1611,337,74,53,749.74,mobile,0.25267320244848424,0.12016705248846259,test
1614,99,10,30,122.67999999999999,mobile,0.12004849106880769,0.23820402492245066,test
1615,34,13,15,323.94,mobile,0.42375211407101043,0.3283054581075815,test
1619,490,71,151,265.99,mobile,0.16509302126957157,0.24499475081991604,test
1620,44,7,24,41.28,mobile,0.18862523810364884,0.39492395113642165,test
1621,16,4,2,135.95,desktop,0.2773307006405805,0.09143003402313216,test
1623,66,28,34,68.29,mobile,0.4842910107985752,0.37879737905224664,test
1624,104,43,41,97.69,desktop,0.46172712074238625,0.3054115156423169,test
1632,195,84,49,178.15,mobile,0.4872004622187686,0.17997671990242753,test
1634,331,44,139,162.52,mobile,0.1533353301924095,0.3275807319023044,test
1635,89,5,11,28.71,mobile,0.06341018426904631,0.0928885883775322,test
1638,155,54,58,102.64,mobile,0.3911542175239804,0.2716868257280287,test
1639,341,46,121,256.21,mobile,0.150682940537389,0.26884551637574006,test
1641,197,39,62,350.8,mobile,0.2293542384310234,0.2242410909394683,test
1642,360,56,74,192.85,mobile,0.18610936847151804,0.15368793934196945,test
1645,106,33,54,97.81,mobile,0.34624126589608395,0.3847587544296589,test
1646,100,24,37,115.49000000000001,desktop,0.2641453909223167,0.28501656034925155,test
1647,38,6,4,174.64,mobile,0.1745023257102777,0.08220570791564367,test
1649,262,40,114,178.49,mobile,0.16796891344942327,0.3084035404031189,test
1652,263,21,37,131.21,mobile,0.09050648301808009,0.11118078297879337,test
1655,226,36,54,263.13,mobile,0.17943131554414987,0.18959786371163898,test
1657,23,2,5,11.85,mobile,0.09599947732194788,0.15748606394784279,test
1658,47,13,14,36.63,mobile,0.3051180554597945,0.233300420300606,test
1660,151,21,23,97.0,mobile,0.15330027846239938,0.11846347207944288,test
1661,69,13,43,53.43,mobile,0.21484205122980568,0.4501058931501429,test
1662,366,65,79,574.32,mobile,0.1984542314387139,0.1625458046318327,test
1663,86,26,34,360.65,mobile,0.3480170101813419,0.29797398712290984,test
1665,191,61,161,236.35,mobile,0.36983699521137325,0.6337335722484924,test
1667,113,32,23,79.5,mobile,0.33526616641284734,0.1542738834636014,test
1668,13,2,11,71.82000000000001,desktop,0.1724655288771019,0.5940800023245985,test
1670,52,11,17,26.490000000000002,mobile,0.2514419819209357,0.2391932619712478,test
1671,159,42,51,320.22,mobile,0.30214937370622125,0.25103095113549834,test
1672,70,30,63,72.24,mobile,0.4759462370841326,0.6466520627132051,test
1673,274,164,71,149.99,mobile,0.6873446147515214,0.186673301871595,test
1676,51,12,15,22.509999999999998,desktop,0.274113150577135,0.21712752784682027,test
1678,72,3,16,28.59,desktop,0.04809377766615676,0.17486007872092793,test
1680,340,58,95,366.44,mobile,0.19618585184880966,0.20702238063000325,test
1682,51,11,17,48.21,mobile,0.24951415333368124,0.23524052892616876,test
1683,119,24,44,89.09,mobile,0.23077638674002415,0.25897861232952973,test
1684,11,0,2,2.13,desktop,0.0,0.13317861552532262,test
1685,252,118,103,258.17,mobile,0.5260177894616055,0.29723111037985195,test
1686,67,24,22,222.17999999999998,mobile,0.39975434355152184,0.23593545951408323,test
1687,98,47,31,83.86,mobile,0.5357923208236455,0.2412095358652359,test
1688,439,32,87,254.88,mobile,0.08340413780046145,0.15296433094591294,test
1689,125,28,50,92.1,mobile,0.25092424892969506,0.28947541231286616,test
1696,176,5,43,124.72000000000001,desktop,0.0332257436231616,0.1884102492610044,test
1700,58,3,23,41.65,mobile,0.05709752216542926,0.30029512208987374,test
1703,185,65,133,134.67,mobile,0.3991525765342734,0.5595411532520588,test
1705,51,12,15,22.61,desktop,0.27609018584451855,0.23271052488565902,test
1707,52,5,13,43.31,mobile,0.10665457757681798,0.18653868437261636,test
1710,94,29,21,44.68,desktop,0.3562654920059411,0.1745960720553809,test
1711,126,25,35,64.93,desktop,0.22506092220533663,0.20811565172338356,test
1713,144,22,34,132.21,mobile,0.1714705074725799,0.18365045592013077,test
1714,66,56,23,33.21,desktop,0.9974760680832762,0.25476594166749095,test
1715,27,6,17,22.03,mobile,0.2507915263036234,0.4735583035514199,test
1716,6,9,3,2.01,desktop,1.7938683321534277,0.38449361074037525,test
1719,396,32,64,227.87,mobile,0.09535457460396037,0.12601583891724497,test
1720,11,2,7,6.9399999999999995,desktop,0.2158857615187734,0.48332153410530276,test
1722,111,12,26,54.69,mobile,0.12224039748300752,0.1852064863253619,test
1726,164,33,27,66.36,mobile,0.22137242690724906,0.12459281563994001,test
1727,164,24,50,118.14,mobile,0.1652856011571505,0.24002146647601863,test
1728,92,37,26,358.0,mobile,0.4499517215552071,0.22515598985557783,test
1731,339,84,75,716.62,mobile,0.286987556427859,0.1563772224854617,test
1735,143,23,63,114.07,mobile,0.18257812886100308,0.3394265928332385,test
1736,135,22,50,127.87,mobile,0.18111418669172316,0.27673420127816234,test
1738,386,50,106,402.7,mobile,0.14881220132038264,0.20130875682965052,test
1739,127,28,8,55.010000000000005,mobile,0.26271959740450446,0.048850914608751586,test
1742,76,9,13,52.0,mobile,0.1417036643363725,0.13075609311520411,test
1743,46,22,20,19.15,desktop,0.5409838934169627,0.33391742502766675,test
1745,49,16,15,37.129999999999995,mobile,0.3881631388945932,0.2331259319967575,test
1746,11,3,2,9.9,desktop,0.30537250224798446,0.12904148190353443,test
1748,323,39,73,232.60999999999999,mobile,0.1351332200699718,0.16603248036198073,test
1749,35,1,0,8.36,desktop,0.03164464955400445,0.0,test
1753,323,36,69,372.66,mobile,0.13329104906594866,0.15016869097237887,test
1755,113,26,37,105.87,mobile,0.2590204377734757,0.2592084910134663,test
1757,89,41,19,59.31,mobile,0.5448332830428669,0.15094927991408033,test
1758,26,11,4,10.34,desktop,0.4770971018607514,0.10966207500232575,test
1759,19,14,13,25.689999999999998,mobile,0.8685595670522792,0.4851530147714178,test
1760,88,36,36,81.98,mobile,0.4784174626399852,0.3156632129933254,test
1761,148,44,73,139.27,mobile,0.3273647773014766,0.3613975329828087,test
1762,44,5,24,24.95,desktop,0.13459066608579281,0.41705947375247526,test
1764,41,13,6,31.79,desktop,0.35746410192900596,0.10488422715473458,test
1766,172,6,34,120.04,mobile,0.04172500058676212,0.14376376457342596,test
1767,34,7,8,19.619999999999997,mobile,0.23429707701318292,0.16549516834325623,test
1769,175,10,73,349.61,mobile,0.06675288127686185,0.322626157374127,test
1771,412,99,73,457.66999999999996,mobile,0.2721221291234073,0.13857687307577185,test
1772,303,101,109,176.36,mobile,0.38700609845949974,0.2766564829685828,test
1774,143,97,66,132.78,mobile,0.7465930578612505,0.34221709307710685,test
1775,399,54,99,219.98,mobile,0.1532468880988752,0.19542970826505868,test
1779,292,40,54,150.29,mobile,0.16049615225227643,0.14488552560160234,test
1785,296,64,81,299.6,mobile,0.2429082996772948,0.1939826706044177,test
1788,29,21,4,31.45,desktop,0.8183318144245859,0.10505648291250537,test
1791,165,45,42,116.3,mobile,0.3219581434775825,0.18151830632849017,test
1792,27,8,9,22.47,mobile,0.33332436937981325,0.26507966252040205,test
1793,68,19,27,40.1,mobile,0.3331482924404874,0.28696880232932775,test
1797,15,3,7,7.85,desktop,0.23705622739469234,0.3288776941304248,test
1801,55,11,18,52.980000000000004,mobile,0.2243378555972941,0.2370452638601069,test
1805,191,48,62,151.88,mobile,0.2906238072559809,0.24246185652804245,test
1808,31,1,12,22.23,desktop,0.03860750063768251,0.2897647819265371,test
1809,132,29,6,84.43,desktop,0.24404478139161562,0.033640653449387686,test
1810,111,19,38,105.12,mobile,0.18953756400047422,0.27362824854688916,test
1813,48,12,37,22.71,desktop,0.2778844165310558,0.5947628849932031,test
1814,85,3,17,24.26,desktop,0.0408752635618105,0.14866426030678068,test
1815,402,49,127,265.87,mobile,0.1446476077645176,0.22684084832413437,test
1817,64,6,7,209.71,mobile,0.10881986894309426,0.0794305040468305,test
1819,230,19,128,386.40000000000003,mobile,0.09779755371059737,0.4011848411191123,test
1820,196,59,80,169.28,mobile,0.3569177952975169,0.2884131865403546,test
1822,250,34,43,116.16,mobile,0.15024134234723227,0.12588162120433147,test
1823,479,105,96,374.09000000000003,mobile,0.24526785068929435,0.14840965149354354,test
1825,23,1,6,13.02,mobile,0.05113195836663216,0.20514698296050266,test
1831,89,9,21,56.2,mobile,0.11146596947465727,0.1751159730300647,test
1833,107,43,19,213.2,mobile,0.45443792396918664,0.1295740598099702,test
1835,73,12,12,63.93,mobile,0.190952548238003,0.11909134187200199,test
1836,74,12,27,62.14,desktop,0.19167367813430536,0.27758970026725094,test
1839,294,55,41,387.99,mobile,0.2104813375019881,0.10366869424916597,test
1840,279,115,123,413.12,mobile,0.4546162740283809,0.35113195667939895,test
1842,291,86,66,192.1,mobile,0.3251785042470094,0.1802728983946856,test
1843,67,12,19,47.66,mobile,0.20197739060268016,0.1999801301657616,test
1844,381,35,104,217.03,mobile,0.10553799273618475,0.20298816961291694,test
1845,282,48,47,539.55,mobile,0.1945654823821456,0.11858143479206075,test
1848,501,31,113,242.36,mobile,0.07386848154611798,0.16624880060856714,test
1850,290,88,140,698.4699999999999,mobile,0.34823940653362195,0.37259222962050875,test
1851,454,80,154,213.76,mobile,0.21022924871241158,0.2517188450774812,test
1852,257,54,78,425.89,mobile,0.24285158664697862,0.23487337792982177,test
1853,465,130,56,253.9,mobile,0.30784758671810325,0.09594454137974646,test
1854,125,16,41,246.8,mobile,0.15284519489401246,0.2487470518550209,test
1855,124,30,33,127.23,mobile,0.27357272239017916,0.18800044200895535,test
1857,290,77,35,222.48,mobile,0.2972228875359216,0.08782099826568758,test
1859,48,9,34,39.06,mobile,0.2216988844851352,0.5627092516587323,test
1861,108,12,40,67.68,mobile,0.12424349462347499,0.26596630341940464,test
1862,57,11,31,68.06,desktop,0.21501325006368022,0.4214227007109933,test
1863,237,27,39,299.78,mobile,0.13036371369240202,0.12533244430961796,test
1865,133,46,77,109.12,mobile,0.4030547143301949,0.45673503021631917,test
1867,95,11,22,88.31,desktop,0.12789063128280176,0.17734929982696213,test
1869,426,73,113,217.28,mobile,0.19590068673842395,0.20082018277793207,test
1872,370,36,22,223.46,mobile,0.10879580329245628,0.0428077472453225,test
1873,170,27,78,371.64,mobile,0.18685717344281913,0.32306949765444765,test
1875,260,129,142,438.51,mobile,0.5539761026656137,0.39749175537663634,test
1877,83,9,45,95.84,mobile,0.12604948163526863,0.41118272249370974,test
1878,371,145,112,254.89,mobile,0.4300366721164029,0.21803221846554138,test
1879,161,66,71,142.76,mobile,0.46283177502702433,0.3171498199564527,test
1880,309,93,97,219.66,mobile,0.33349393423212487,0.22832918781073608,test
1881,316,55,69,223.08,mobile,0.20857059732301853,0.15975829382194473,test
1883,298,96,196,220.65,mobile,0.37420529664524343,0.5183110503684863,test
1885,306,154,55,222.35,mobile,0.5591242739064255,0.1414644019979566,test
1886,119,22,84,52.75,desktop,0.21689465183197712,0.4994353784662301,test
1888,201,82,63,215.11,mobile,0.4556917585670374,0.23638335126865606,test
1889,68,18,21,42.85,mobile,0.29123666306847673,0.24116275917009972,test
1891,23,5,6,23.91,mobile,0.25806171013918233,0.2074894979499153,test
1892,184,42,108,246.85,mobile,0.256750569704711,0.4488016369624002,test
1896,403,30,58,145.48,mobile,0.088089823952028,0.10735046046389406,test
1898,192,8,15,65.22,mobile,0.048722056269454014,0.05634769560059967,test
1902,299,176,83,206.55,mobile,0.7058541816597401,0.22049211381135636,test
1903,24,5,4,11.96,desktop,0.24817338415814272,0.12915683034290995,test
1904,326,44,89,247.62,mobile,0.15473915533939694,0.21022452423198015,test
1907,280,30,96,171.53,mobile,0.11832654344876829,0.2730554076711548,test
1909,36,22,27,82.56,desktop,0.6860109795922046,0.559577847031479,test
1910,337,60,144,491.06,mobile,0.21058885924360016,0.3394024825215059,test
1913,303,88,202,238.91,mobile,0.3203594330044167,0.528076702457664,test
1917,88,8,21,50.69,mobile,0.10056866209487388,0.17815399446658625,test
1920,236,36,107,638.16,mobile,0.1728964828214562,0.3280390041181251,test
1921,61,10,32,130.04000000000002,desktop,0.19194739794182783,0.3772073860165559,test
1923,146,56,28,338.05,mobile,0.4250262124437378,0.13848404687736451,test
1924,490,59,243,462.71,mobile,0.13633457708010152,0.38394930025153057,test
1926,91,31,12,52.25,mobile,0.40738529697014136,0.10402837431456936,test
1927,167,7,73,597.35,mobile,0.05008703700091334,0.3485376661790225,test
1928,125,23,14,73.76,mobile,0.20906392778211866,0.08233585204724145,test
1935,271,90,85,479.65999999999997,mobile,0.3865307219908677,0.23345018464586492,test
1936,276,16,75,767.07,mobile,0.06894280508544064,0.2156300589626505,test
1937,101,26,16,288.99,mobile,0.2962681694689978,0.11391063475865658,test
1938,212,27,34,149.14,mobile,0.15141409528549837,0.1282542812234269,test
1939,74,12,3,71.09,desktop,0.1793243126952961,0.03130376441971255,test
1941,170,78,36,346.52,mobile,0.5433935627823753,0.15766156459982097,test
1942,84,13,40,42.37,mobile,0.17345438850524778,0.3635378772296959,test
1945,117,14,31,261.53,mobile,0.13922628572736961,0.2052815830434661,test
1946,61,7,6,44.74,mobile,0.13118368227520258,0.07363442712790717,test
1947,77,38,20,172.52,desktop,0.5754692417855867,0.18597191029223753,test
1948,311,57,75,523.37,mobile,0.21875290816928375,0.18442620539797921,test
1949,148,22,21,102.1,mobile,0.1724443847015997,0.1124090363937613,test
1950,7,7,2,7.59,desktop,1.184304603426861,0.20076523374660565,test
1951,184,45,66,162.10999999999999,mobile,0.2803997269488185,0.2713887982314222,test
1952,81,32,17,69.58,mobile,0.4589696301825594,0.16432501621069026,test
1954,31,5,22,36.06,mobile,0.18098163778039392,0.49972066480827954,test
1955,81,14,21,97.8,mobile,0.19628425211646883,0.18199101991948127,test
1959,276,71,106,159.07,mobile,0.2981955994693168,0.295802463131552,test
1960,35,34,12,59.81,desktop,1.088209827565109,0.2632420478544883,test
1961,157,70,63,164.12,mobile,0.5080114000085215,0.2923436451086161,test
1965,315,48,39,249.42,mobile,0.18158540580857455,0.08724971017394705,test
1966,38,6,5,13.64,desktop,0.1782820760848926,0.10165093123685852,test
1967,139,34,15,333.8,mobile,0.2837220995628467,0.08088551097009565,test
1971,15,0,2,12.07,mobile,0.0,0.1028489448108428,test
1972,283,50,68,412.16,mobile,0.20247513970100314,0.18146045637443045,test
1973,234,71,107,726.47,mobile,0.35173409485020496,0.32391889112873506,test
1974,118,12,29,84.78999999999999,mobile,0.116879006015102,0.19323525981280945,test
1979,21,4,2,13.86,mobile,0.21522738461496765,0.0718282009297928,test
1985,54,9,11,23.07,desktop,0.19453384498593435,0.14786651921618546,test
1986,140,62,55,119.84,mobile,0.4921082725815103,0.30440575843963613,test
1989,120,59,48,156.06,mobile,0.55815604329731,0.3050392406970519,test
1991,167,53,48,115.35,desktop,0.36634598143187397,0.2187182089837479,test
1992,277,21,68,162.51,mobile,0.08492609931152623,0.17479045465861465,test
1998,81,27,152,130.82,desktop,0.3778550825514895,1.4127190011311708,test
